tweets,sentiment
Salut! Polri mendapat apresiasi dari DPR RI dalam menegakkan hukum terhadap pelaku tindak kriminal pada masa pandemi Covid-19. #DPRRIApresiasiPolri,2
Sebelum booming corona biasanya ke pasar nongkrong dengan mamang mamang sunda perbincangan ttg dunia empon2 yang di Bogor . Skrg atulah ke pasar ku gak bisa happy seperti dulu ğŸ˜­ padahal ke pasar adalah piknikku sbg mother of 8 children .. https://t.co/ZLbNsvWRxB,0
Covid 19 plus 30 ribu narapidana https://t.co/wKMU7O7Vcp,0
"@faruqhmd Lu corona ora, muntaber iya.",0
"3. Jenazah belum dapat dipastikan apakah positif terinfeksi Covid-19 atau tidak, sebab hasil tes swab belum keluar. Meski demikian, proses pemulasaraan hingga pemakaman jenazah dilakukan sesuai dengan prosedur tetap (protap) Covid-19. https://t.co/Wi66yYS3EA",1
"Halo saya Wulan Guritno mengajak teman-teman semua untuk bergerak bantu Indonesia sembuh dari Covid-19, dengan cara ikut program donasi #untukIbuPertiwi berbagi bantuan untuk saudara-saudara yang membutuhkan.â€¦ https://t.co/Zhl8bvmR6N",2
"#WFH
#DiRumahAja @ South Jakarta https://t.co/r4jLM4ZApq",2
"Selama liburan grgr corona, kalyan udh punya gaya rebahan baru belom gesss?",2
"Ini salah satu pemimpin yg punya ""kecerdasan intuisi"".
Intuisi dipunyai orang2 dgn karakter tenang,gk su'udhon kpd orng.

https://t.co/8IkmXQQ7YJ

""Coba tunjukkan negara mana yang berhasil melakukan lockdown dan bisa menghentikan masalah? Nggak ada menurut saya,"" kata Jokowi.",2
"Erina mengatakan wartawan selama ini lekat dengan pola hidup yang tidak teratur, seperti kurang istirahat dan makan tidak teratur. Jika terus dibiasakan, maka akan berdampak pada turunnya sistem imun.  https://t.co/X4Kn6iavWC",1
Relawan Jokowi Gotong Royong Bantu Warga Terdampak Pandemi Corona https://t.co/EWqDNCJlVd https://t.co/uSUji9dojo,2
"Spot, robot canggih berkaki empat dengan bentuk mirip anjing ini dirancang dapat membantu serta melindungi petugas kesehatan dari paparan virus Corona. https://t.co/9Lp1GXjEvJ",2
"@icyiycx Persetan emang sama goodlooking, kalau gada adab sama aja kayak corona.
Minta dihujat terus",0
"Pandemi virus corona (Covid-19) menyebabkan banyak negara harus menutup akses perbatasan dan mencegah siapa pun masuk ke negaranya, terutama para pelancong. https://t.co/HvKUnzL85Q",1
"Instruksi Habib Rizieq: Masjid Jangan Ditutup, Sholjum Mengacu Protokol Kesehatan https://t.co/KzMuDOE1SH  #HabibRizieq #HRS #FPI #Shojum #Covid19 #Corona",1
"Ok, kubu yg satu mengatakan Mudik dan Pulang Kampung itu sama, kubu yg satunya lagi berbeda.. tidak masalah, sah sah ajah dengan pemahaman masing2 (walaupun agak ngaco).. tp subtansialnya kan peraturan ini dikeluarkan sebagai upaya memutus penyebaran pandemi ini #MataNajwa",2
"Lawan covid-19 dg sistem imun yg bekerja optimal. 
Fungsi utama TF
1. Mendidik siatem imun utk dpt mengenali berbagai macam virus, bakteri &amp; cancer.
2. Merangsang sistem imun untuk melawan Patogen
3. Menenangkan sistem imun apabila musuh sudh d kalhkan
ğŸ‘‡
https://t.co/dM3yxeKEio https://t.co/O0LsvoPVg5",2
"Oleh karena itu, @id_greatedu memberikan kesempatan kepada kalian berdiskusi bersama ahlinya mengenai hak gaji karena tidak masuk kerja di tengah wabah covid-19  dengan mengikuti...

ğŸ’° Webinar: Tak Masuk Kerja di Pandemik Covid-19, Masikah Berhak Gaji ğŸ’°",2
@Edwin_A_J @pandji vietnam dan korut mmg terbaik sedunia. tau gk apa rahasianya? https://t.co/zuktfTKSe5,1
FBBI Sikapi Maraknya Dampak Virus Corona di Indonesia https://t.co/Fzpj14tDQl,1
"Covid 19 adalah pelajaran berharga buat kita semua, bukan mengeluh tapi berfikir agar kita slalu waspada slalu siap menghadapi keadaan, karna dunia terus berjalan dgn hal yg berbeda. Mungkin begitu njih pak @jokowi @ganjarpranowo @MardaniAliSera https://t.co/sBz6XvqQcp",2
"Kabar baik! Kasus Baru Corona di Indonesia Turun Drastis, Terendah dalam 2 Minggu

https://t.co/auM0cBgnwa",2
"tmn Praja, penangann Covid-19 hrs dlkukn w/ menejemen yng baek agr psen positip penangann Covid-19 dpt di terima olh madyarakat",2
"Selama pandemi, Gojek berupaya meringankan beban para driver melalui sejumlah program. Apa saja? #Ojol 
 https://t.co/MisQbfuME2",1
[HOAKS atau FAKTA]:Gubernur Sumut Bolehkan Salat di Masjid Saat COVID-19. #merahputih #Covid_19 #Masjid #SumateraUtara https://t.co/BEM6GXru5L,1
bopong ğŸ‘ğŸ» bandela erick menurut mengusut &amp;dobrak sapa di bawah mafia remedi disaat hawar corona ini alkes dan remedi yaitu nan teramat di butuhkan #LawanMafiaAlkes #LawanMafiaAlkes api meniadakan corona,1
@inikzy corona malah jd bu lala,0
Terbongkar! Ternyata Anies Belum Realokasi Anggaran untuk Menangani Covid19 https://t.co/Ja8hiz32ie,0
"Perangi Covid-19, BPF Bantu Tenaga Medis di 5 RS https://t.co/B3WaQYlHyJ https://t.co/VaFrxjBNz1",2
Pelantikan Hakim di Pesawaran Pakai Syarat Bebas Corona https://t.co/9Rn7eWbmgg https://t.co/iLu8qibayQ,1
DPD I Golkar Sumsel Salurkan 50 Ton Beras Untuk Warga Terdampak Covid-19 https://t.co/My7skiEjzA,2
Topik tentang kesembuhan pasien Covid-19 menjadi yang teratas pada pemberitaan media. https://t.co/EbAXEvnYRq,1
"WASPADA HOAX!
Ditengah situasi pandemik seperti sekarang, masih banyak informasi dengan sumber dan kebenaran yang tidak jelas berseliweran di media sosial. 

Sumber:
https://t.co/dVXoGHIcu5

#waspadacorona #lawanhoaxcorona #faktacorona #infocorona 

https://t.co/amvHJElyTQ https://t.co/aa6I4zFetJ",2
PDP Meninggal Belum Dikonfirmasi Positif Tak Masuk dalam Kasus Kematian akibat COVID-19 https://t.co/EpPLdAxAgZ,1
"Berdasarkan hasil riset SurveySensum Covid-19 Industry Sentiment Tracker, sebanyak 51% dari 109 responden melakukan peningkatan anggaran promosi digital saat pandemi corona.

https://t.co/EPvHqEGsUa",1
"Makin hari makin pusing sama dampak covid 19
Pihak management perusahaan udh mulai bingung ngadepin nya &amp; berimbas ke cost yg mungkin mendekati minus
Ikutan pusing keseretâ€ 

MAU NIKAH AJA",0
"Nah sekarang kita kupas apa saja jenis hukuman displin (hukdis) dalam 3 kategori pelanggaran batasan berpergian di tengah pandemi ini.

Jenis hukdisnya dibagi menjadi dua, yakni:

1. Pelanggaran kategori I dikenakan atau dijatuhi hukuman disiplin tingkat ringan

(9)",1
"Semua kebiasaan yg dulu dilakuin dan ngerasa biasa aja,bakal kerasa aneh setelah corona selesai",1
Pemerintah mengingatkan masyarakat agar mewaspadai demam berdarah. #DemamBerdarah #COVID19 https://t.co/oMIMiQJepg,2
"Jumlah kasus positif virusÂ CoronaÂ COVID-19 di Indonesia terus bertambah. Hingga Minggu (26/4/2020), tercatat 8.882 kasus positif, 1.107 sembuh, dan 743 meninggal.
.
""Konfirmasi positif 8.882 kasus,"" kata juru bicaraâ€¦ https://t.co/evaoH8Wmoe",1
"Pasien ini mengalami gejala aneh yang berbeda dari gejala umum Corona. Akibatnya, dia jadi kehilangan nafsu makan dan menjalani perawatan di rumah sakit. #HaiBunda #COVID19 https://t.co/k4nIavCif0",1
"Pada hari yang sama, di lokasi yang sama kata Bali pihaknya juga mengubur 11 jenazah laki-laki korban covid-19.  https://t.co/lXqELirQ35",1
"Apaan sih orang orang rame amat jalanan, katanya physical distancing? Udah kebal sama corona kayanya ğŸ¤¨",0
"Waspadai saat bulan puasa, jng minum es dan makan gorengan krn bs radang tenggorokan klo terlalu sering. ( Nanti jd ODP, diobservasi)
Klo makan gorengan minum hangat klo minum es jng makan gorengan. Agar sekana ramadhan ini semya sehat dan bahagia, kemudian perlahan covid berlalu",2
"Hindari Penularan Covid-19, Bayar Zakar Fitrah Bisa Transfer https://t.co/4wdcGydWif",2
"Walaupun lagi #dirumahaja
, Sahabat bisa bertransaksi dengan aman dan mudah melalui e-channel Bank Mandiri.
Belum punya Mandiri Tabungan? Kunjungi https://t.co/J6pVemonMm atau scan QR Code di bawah ini.
Saatnya hidup lebih mudah, saatnya mandiri.
Info: https://t.co/Xn1rlFBsOJ https://t.co/rgTduyJOsR",2
Apabila yg 1jt orang mudik itu terbukti sbgn  membawa virus corona... tanggung jawab ada pd pribadi Luhut dunia akherat...yg ngeyel/strategi militer lah ulurÂ² waktu larang mudik...? https://t.co/PSUDM2shD3,0
"Ia menyoroti Anies yang terlihat terburu-buru dan selalu berjargon lebih waspada dan lebih cepat dibanding pemerintah pusat. Di sisi implementasi, Anies justru berantakan.  https://t.co/koNxEzXA4h",0
Deretan Restoran Ternama yang Banting Harga Akibat Pandemi Corona COVID-19 https://t.co/dxfvcKHXjy,1
"Sambil Terisak, Syekh Ali Jaber Beri Nasihat Jgn Keras Kepala soal Corona

Ia sedih lantaran tdk bisa laksanakan ibadah di masjid spt biasa

Juga ungkapkan curahan hatinya thd org yg masih keras kepala, tdk taati aturan pemrintah utk cegahÂ penyebaran virus
https://t.co/crpDDnCpIF",0
Direktur Jenderal WHO Tedros Adhanom Ghebreyesus mengatakan tidak ada rahasia di badan PBB itu setelah dikecam oleh Amerika Serikat karena dituduh meremehkan wabah covid-19.  https://t.co/qRIVGn0c1S,0
@Je_Ly @SurSur07 @G_Anti_Covid19 Alhamdulillah rejeki..terima kasih banyak atas pulsanya..sehat selalu ğŸ™â¤ https://t.co/mBaEWNxghM,2
Jadi gaberasa lagi bulan ramadhan grgr corona jadi sepiiiii kek hati,0
Data Gugus Tugas Percepatan Penanganan Covid-19 menunjukkan jumlah orang dalam pemantauan (ODP) mencapai 202.040 orang pada Minggu (26/4/2020). https://t.co/2L6sqGfc55,1
"Saya menjual British Propolis adalah Produk Top 1 Di Masa Pandemi, Suplemen Meningkatkan Stamina Daya Tahan Tubuh seharga Rp250.000. Dapatkan produk ini hanya di Shopee! https://t.co/BhvWjoXZQO #ShopeeID",1
Turn Back Hoax: [SALAH] Dari Ratusan Ribu Tahanan Tidak Ada Satupun Aktivis Islam yang Dibebaskan di Tengah Wabah COVID-19 https://t.co/PB5EPvMeN9 https://t.co/CxNiAOIxu5,0
"RSPAD Gatot Soebroto Bantu Pasien Positif Covid-19 Melahirkan
ã…¤ã…¤ã…¤ã…¤ã…¤ã…¤
#TNIADMengabdiDanMembangunBersamaRakyat https://t.co/rHJwZqBGHg",2
Kementan Siapkan 3 Strategi Pangan Hadapi Dampak Corona https://t.co/npCK07RfC8,1
"@jokonurbianto Yaiya atuh, klo aku terindikasi covid udah pasti di karantina/isolasi",1
"@AbuFauzil Alhamdulillah survey @BurhanMuhtadi soal virus corona bisa menjadi kaburnya virus dari Indonesia
Dokter minggir...
Wkwkwk",1
Banyak yaaaa https://t.co/XXuPK1SH1E,1
"Pandemi virus Corona (COVID-19) tidak melulu membuat kehilangan pendapatan. Jika mau, banyaknya waktu luang di rumah bisa diambil untuk mulai membuka usaha. https://t.co/lKGBKB2sUm",2
"Imbas Pandemi Corona, 100 Ribu Karyawan Disney Tidak Digaji https://t.co/99c5Ip4Ye5",0
"Covid-19, Pentagon Perpanjang Pembatasan Perjalanan Hingga 30 Juni https://t.co/50TdZTN889",1
"@andrian1414H Jangan pernah menyerah Rhamadhn bulan mulia,
kita lawan bersama pandemi corona dengan selalu taat syariah !! #SambutRamadhanKita !! #PejuangRamadhanLawanCorona https://t.co/IXQTEzqG5a",2
"@AnakLolina @Spider__id Duh ternak covid.. 
Nanti sakit suruh pemerintah yg urus..  Mau gratis sembuh,  tapi diri sendiri engga dijaga... 
Dasar budat kadrun somplak...",2
@Rifkyardnsyh_ Corona selesai kapan hyung ğŸ‘‰ğŸ‘ˆ,0
"""Jadi lebih mempersiapkan mental aja, supaya tetap happy di dalam rumah, tetap bisa beribadah total dalam rumah, harus dibawa seru juga..."" kata Zee Zee. #Ramadhan #ZeeZeeShahab

via @detikhot https://t.co/9IESLn4vyP",2
"09.41 #BeritaSONORA - Pendataan jumlah korban jiwa terdampak Covid-19 masih terbatas kepada korban terkonfirmasi positif. Padahal, detail kematian akibat Covid-19 perlu disiapkan, bahkan jika masih berstatus pasien dalam pengawasan. 
https://t.co/zQe2SUs2Jc",2
"Bantu Garda Terdepan penanganan covid-19 @KemensosRI memberikan bantuan 12.000 pcs masker &amp; 300 botol hand hanitizer untuk 3 Rumah Sakit rujukan penanganan pasien corona.

Bantuan diserahkan oleh Penasehat DWP Ibu Grace Batubara kpd masingÂ² perwakilan RS.

@juliaribatubara https://t.co/aqYvHvtS90",2
@christyyputri Takut corona apa takut dimasukin yg panjang2,0
Pembebasan Napi Asimilasi Tambah Beban Pengamanan Polisi saat Pandemi COVID-19. #merahputih #Napi #Polisi #Covid_19 #YasonnaLaoly https://t.co/tUweHOELhK,0
"Sema idiots nya dengan Boneka di indonesia ğŸ˜„ğŸ˜„

Presiden Trump menyarankan pasien terinfeksi Corona disuntik disinfektan agar tubuhnya bersih, ahli kesehatan sebut saran idiot dan sangat berbahaya.

https://t.co/B8rtdnXnY3",0
"Bersyukur aja kerja masih masuk walopun di tengah Corona,
Yang lain dah mulai PHK :((

Semoga sehat"" trus ğŸ˜­",2
â£*Berlaku selama pandemik COVID-10 dan hanya untuk pembelian produk non unit link,1
"Sholat tarawih berjamaah di bulan Ramadhan jadi hal biasa bagi umat muslim. Hanya saja yang berbeda kali ini ada ancaman virus Corona COVID-19. Begini kebijakannya:

via @detikHealth https://t.co/Aw9qey7xvG",1
"@DKIJakarta @JSCLounge @dinkesJKT @DinsosDKI1 @aniesbaswedan Astaga kok jadi begini sih Sikapnya...
Heiii..
PEMPROV DKI JAKARTA 
Warga butuh makan..
Bukan dicecoki pasien virus corona..
Sok perduli yg beginian..
Tolol nih semua nya..
Warga butuh sembako 
Donggo...",0
"Konsumsi minuman sehat juga penting dilakukan selama Pandemik #Covid19 ini, agar daya tahan tubuh selalu prima ya. Tapi jangan lupa air putihnya... #BersamaLawanCovid19 #PastiAdaJalan https://t.co/xPpNfqStfj",2
Aa Gym mengajak umat ambil hikmah ibadah Ramadhan di rumah. https://t.co/M6AFwcmUUL,2
"@ggoodboy__ Betulll, biar abis pandemi ini keluar keluar muka glowing",2
"Mari kita galakan gotong-royong yg menjadi ciri khas bangsa ini dan kita tingkatkan solidaritas untuk melawan pandemi covid-19
#SolidaritasAtasiCovid19
Mari Bersatu-padu untuk dlm menangani pandemi covid-19 di negeri ini 
#SolidaritasAtasiCovid19

https://t.co/zL9wytTr2M*",2
"Wahai Penguasa,
ketika wabah dan lapar meluas jadi bencana,
jangan lagi memoles wajah dengan citra,
lepas topengmu, buka mata dan rasa,
kurangi kata-kata apalagi janji kosong belaka,
saatnya nurani yang mesti bicara dan bekerja,
Hilang nyawa bukan sekedar angka statistik semata.",0
"DOKUMEN | Makalah Teknis International IDEA 1/2020 tentang Pemilu dan COVID-19

https://t.co/hp42eSWA2F",1
I didn't know I will say thi but... asimilasi Covid-19 di waktu sekarang ini justru malah menambah resah. Siapa pun yang punya ide tentang hal ini dan apapun kepentingan di dalamnya semoga dia dan keluarganya serta kita selalu dijaga Tuhan. I have no words selain mendoakan.,0
"Jika Vaksin Corona COVID-19 Tak Ditemukan, Sampai Kapan Manusia Dikarantina dan Jaga Jarak Sosial  https://t.co/syxkXfo7Rk #VirusCorona #COVID19",0
"Anggota Fraksi PPP @DPR_RI Komisi VII Anwar Idris berikan 10 ribu paket bantuan untuk warga aceh ditengah pandemi virus Corona

#pppeduli 
#pppberbagi 
#BersatuLawanCovid19 https://t.co/gtu4wbPjx9",2
Sebelum covid melanda. https://t.co/E36aV6EsZ7,1
Menteri Luar Negeri Amerika Serikat Mike Pompeo menuduh bahwa China mungkin telah mengetahui soal virus Corona pada November 2019. https://t.co/uCbUYlXbMR,1
"Semenjak ada corona, masuk gang buntu aja kudu di scan jidad.",0
@ZlatemT @na_dirs @hasanuddinali @afifhasbullah @noeruzzaman Ayo..insyaAllah ..nanti syukuran ..wabah corona ne bablas,2
Dubes China untuk Australia ancam Australia akan diboikot jika investigasi corona https://t.co/KeFHJHj3kS,1
"""MATCHA TEA"" ARAFAH TEA JADI BAHAN KASUR &amp; BANTAL KESEHATAN TEMBUS PASAR KOREA SELATAN

Ditengah pandemic COVID-19 ini, salah satu komoditas perkebunan yang satu ini tidak mau kalah bersaing, yaitu Teh. Melalui salahâ€¦ https://t.co/q83SMJsP3o",1
Menhub Budi Karya Sembuh dari Corona: Ini Mukjizat https://t.co/j351HLgxQA,2
"Pandemi Covid-19 ini menciptakan sejarah baru terhadap Dunia, dan saat ini kita menjadi bagian dari sejarah itu",1
majulah indonesiaku dan merdeka dari virus covid-19. #RelawanBergerakLawanCovid #RelawanBergerakLawanCovid https://t.co/YBhuWPGMJ1,2
"Kenapa sih yg ngirim pesan itu pada ngajakin diskusi yg serius, tentang NWO, corona, kelistrikan, foto, buku, pusing kepala. Ane jg ngga pinter pinter amat. Sekali kali pgn juga diajakin ngebucin ğŸ˜£",0
"KAMI TETAP ADA BERSAMA ANDA, LAWAN COVID-19
https://t.co/bAZIzO8oPq https://t.co/11vbgeRCAV",2
"Dinas Pendidikan DKI: Sekolah Bukan untuk Isolasi Pasien Positif Corona, Tapi ODP https://t.co/u824Uig6zq",0
"Gue kalo ngeliat berita gini tuh pengen marah dah rasanya. Ya Allah Pak Yasonna otaknya dimana ya sampe2 lagi pandemi gini napi malah dibebasinğŸ™ƒ
Gue jadi ngeri skrng begal udah pada comeback stage anjing https://t.co/tM0E3qK8TK",0
"@BBCIndonesia Kim Jong-un sakit tetapi telah dipastikan bukan karena Covid-19; telah dilakukan testing dan pengukuran temperatur jidat.  Hasilnya negatif.

Tentu saja tidak boleh lihat Kim Jong-un karena hak privasinya dan keamanan.

18:11
Sun, April 26, 2020
#kimjongun",1
"Nilai Mata Uang Merosot, Kematian Terkait Corona Meningkat di Inggris https://t.co/Ru6J5qTeO2",0
Corona cepet udahan kek pengen nyari duid nihhhh boke :( :( :(,0
"Hal positif yang kita lihat selama pandemi Covid-19:
1. Kesadaran atas kebersihan diri makin meningkat.
2. Kesadaran atas kesehatan mental makin meningkat.
3. Kekurangan ISP masing-masing mulai terekspos (sentil @IndiHome dan @FirstMediaCares )",2
"Yth Rekan-rekan GROUP IATF 16949 INDONESIA
Dalam rangka mengisi waktu kegiatan di rumah selama wabah Covid-19 ini, maka kami akan melakukan diskusi terkait CORETOOLS. Untuk minggu ini akan dilakukan Diskusi terkaitâ€¦ https://t.co/gt4ie2Ou9m",2
"@Robert_Mosses2 @DiniHrdianti PSBB,  KRL masih beroperasi penerbangan Internasional masih babas keluar masuk,  coba biji mana ? Mudik atau pulang kampung telat larang,  kebijakan daerah beradu dengan pusat.. Lalu secara nasional gimana pengananan Corona?",0
@Onyekcuuu gak mauuu,1
Gakuat nahan rindu kalau corona gini woyy..,0
Virus Covid-19: Agar manusia Kembali ke Fitrah https://t.co/uTlr8pEtcC https://t.co/ncnUehra3l,1
"Ada yg di daerahnya bener2 gak ada sholat teraweh berjamaah ( #dirumahaja ),ada yg tetap menjalankan berjamaah di masjid tanpa pengeras suara sama sekali",1
"Gaess catat ya..!!!

Layanan informasi dan pengaduan bantuan sosial dalam penanganan Covid-19 dapat menghubungi kontak berikut.

Layanan informasi melalui Whatsapp 0811-10-222-10.
Layanan Aduan melalui email bansoscovid19@kemsos.go.id.

@juliaribatubara
@KemensosRI https://t.co/SfkQs4GHMr",1
"2. Pesta Perkawinan Batal Akibat COVID-19, Bagaimana â€˜Nasibâ€™ DP ke Vendor? https://t.co/7Kfn0aKPX0 - #Top5FacebookShares",0
Puncak Pandemi Corona di Prediksi BulanÂ Mei https://t.co/JqdhwEye4j https://t.co/reJGniYFSX,1
"DJP berkomitmen untuk mendukung dunia usaha di tengah merebaknya virus Corona melalui gelontoran relaksasi dan insentif yang tepat sasaran.
Simak berita selengkapnya di sini https://t.co/ILxgvt8avE

#penanganancorona #corona #covid19 #insentifpajak #pajak #ditjenpajak #djp https://t.co/IqK0sVXLs9",2
"@03__nakula @tahupetismanis @triwul82 @bokulos_ @andri_attitude @anto_winarno @baby_alien28 @KangBasuki3 @V_Stone_Kardol @mochamadarip inisih elu bodo amat sama yg lain. Pengen mojokin yg Islam aja.
 elu lupain kami yg Kristen yg jadi carrier nih virus. di NTT ada misa uskup ruteng, ada acara jemaat di Bogor, yg pendetanya sudah ada yg meninggal, di jabar setengah jemaat gereja positif covid19.",0
"2) Jk stimulus brtujuan utk mendorong ekonomi nasional, mk strategi survival utk bantu masy selama PSBB. Dbutuhkn uang tunai utk kebutuhan sehari2. Sementara stop bayar cicilan2 bank, pajak phasilan dll yg jd beban masy sehari2. Ini agar PSBB efektif turunkan penyerbaran Covid19.",1
"Menandatangani nota kesepahaman bersama di Kantor Kementerian Perdagangan, Jakarta, Senin (20/4), GoJek berkomitmen untuk membantu pemerintah dalam memenuhi kebutuhan masyarakat di masa pandemi #Covid19, yang bersamaan dengan datangnya bulan suci Ramadan serta lebaran 2020.",2
"Legislator Partai Bulan Bintang Batu bara berbagi rezeki pada warga miskin terdampak Covid 19

@OfficialDPP_PBB
@Yusrilihza_Mhd
@fathonianton01
@meridianramadir
@indraalfarius
@LuhCinta_80
@MochamadLoetfi4

https://t.co/JbRCVevBMl",2
Puas2in deh masak2an nya abis quarantine ini selesai boro2 kan mau masak banyak wkwkwk,2
Bapelkes Bengkulu Disulap Jadi Tempat Karantina Mandiri ODP &amp; OTG Corona #TauCepatTanpaBatas #BeritaTerkini #BeritaDaerah . https://t.co/OiRqbCkxpa,1
"Dapatkan kemudahan akses kerja dari rumah terhadap proses yang harus dikerjakan oleh Property Management, melalui solusi Bimasakti on cloud dari Realta.
#covid19 #kerjadarirumah #propertmanagement #backoffice #Billing #administrasi #accounting #buildingmanagement #cloudsolution https://t.co/y5hzZaVXqe",1
"Halo Adscommers!
Rebahan di rumah karna Covid-19 ga berarti kita harus santuy!

Supaya tetap kreatif dan produktif, UMB lewat AdsCompUMB2020 pengen ajak Adscommers yang lagi #stayathome nih.

-cont-",2
"Msih ku tak percya cinta dumay
wlau, kau bilg mo dtg ke rumhku, blm bsa krn alan corona....
maaf aku ya...
aku gak percya
ku perlu bukti bukn janjiğŸ™",0
"Corona ciptaan Allah
Ramadhan mulia
Mudah bagi Allah hilangkan Corona ditengah Ramadhan &gt;&gt; #SambutRamadhanKita &lt;&lt; di Jakarta juga lagi trending #RamadhanIndonesiaIstimewa ayo didukung #bi60 &lt;&lt; https://t.co/yC8UOQSAos",2
"@dinikopi Mau mediheal BTS, biar muka kinclong walaupun #dirumahaja #GiveawayDinikopi",1
senyampang nekat. sanggup tulari warga negara kedaluwarsa kalian dengan corona ? trus bilamana individualis bilamana sedia selesainya ini pandemi corona ? #StopMudikCekalCorona #StopMudikCekalCorona https://t.co/RXVWfTAdD0,0
"#SambutRamadhanKita 

Walau pandemi tetep puasa ya, Gaess #RamadhanIndonesiaIstimewa https://t.co/U0nq5VFk78",2
@beurgurlbby Jgn aku corona :(,0
"""Masyarakat tidak perlu datang ke Masjid Istiqlal, karena masjid kali ini pasti kami tutup"" https://t.co/qd30sXVTZX",0
hiburan di tengah pandemik corona yang menganas https://t.co/6lgjILYlc5,1
"Jangan sampai ketinggalan, karena akan ada Afgan dan Andien yang akan ajak kamu nyanyi bareng. Kamu jugabisa berdonasi melawan Covid-19 melalui https://t.co/Xo7fAsABIk, serta berkesempatan menangkan berkahnya sepeda motor Yamaha Lexi dan Saldo LinkAja Rp500.000 untuk 100 pemenang",2
@truckinq Gabole keluar Corona,0
Nasib anak kost di tengah wabah.. https://t.co/rmCQIldlFF,0
"Verrell Bramasta berharap tetap bisa menjalankan ibadah puasa di bulan Ramadhan. Di tengah pandemi virus Corona, ia pun menargetkan ibadahnya. #Ramadhan #VerrellBramasta https://t.co/DXgdTBOQKY",1
"Banyak cobaan banget di masa pandemi kyk gini,sedih kalo diceritain mah .",0
"@DakwahBabel Berperang lawan Corona. Mengajari kita untuk selalu siap dlm keadaan bagaimanapun

Ramadhan Kita Istimewa
#RamadhanIndonesiaIstimewa",2
"Selamat menjalankan ibadah puasa, InsyaAllah ba'da Ramadhan Covid-19 segera berlalu seiring berlalunya kelaliman negeri ini, harus kita lakukan secara nyata kalau #RakyatTolakJKW_LBP https://t.co/WGr2cGpZB0",2
"Untuk tahun ini, harus #RamadanDiRumah dulu.

Jaga jarak, tapi gak perlu ada jarak dengan Sang Pencipta, karena dalam keadaan apa pun, Ia selalu dekat dengan kita.

Apa hikmah Ramadan saat harus #dirumahaja?

#Danamon #RamadanDiRumah  #PhysicalDistancing #SaatnyaPegangKendali https://t.co/FPriLxwqOg",2
"@RatihSinuraya Selamat siang. Tersedia rute TRS5: Depok - Kp.Melayu - Senen. Jam keberangkatan rute tersebut adalah pukul 05:00 &amp; 05:30 WIB dan pukul 19:00 &amp; 19:30 WIB. Informasi lebih lengkap, dapat dilihat pada https://t.co/FKTg7Nh0kk .Terima kasih :) -NV",1
"Wabah pandemi virus Corona (COVID-19) sampai saat ini masih menyebar di seluruh dunia termasuk Indonesia yang menyebabkan krisis. Lalu bagaimana kita menghadapi masa krisis akibat COVID-19? Yuk, langsung klik linkâ€¦ https://t.co/g9WHcI0oqy",1
Taput Perpanjang Tanggap Darurat Covid-19 hingga 4 Mei https://t.co/xCxhSmSp7p,1
"#Foto Sejumlah masjid di Yogyakarta ditutup dan tidak melaksanakan salat tarawih akibat wabah Corona. Sejumlah jamaah tetap melaksanakan salat di halaman masjid. #VirusCorona #SholatTarawih

Selengkapnya di https://t.co/GN3ymCDI28 https://t.co/8P9H2gMDgG",1
"Monitoring pengangkutan sampah Griya Rusun Tipar RW 07 Kel Cakung Barat, mobil T.1212, Minggu, 26 april 2020 
@aniesbaswedan @Herwansyah @yogiikhwan @MumuhMulyana4 @dinaslhdki @SudinLHTimur @ProKlim_KLHK
#YukPakaiMasker 
#Dirumahaja 
#LawanCovid19
#JakartaTanggapCorona https://t.co/7BKtHDbJqD",1
@VIVAcoid Kemhan ga ngasih kajian rencana kontijensi dalam rangka menangani virus corona sugan pa?,1
"@RizkiAsihan Betu pak. Dan yang lebih kasihan, Petugas Medis, yang sangat rawan sekali tertular. Beliau2 telah banyak yang jadi korban Corona. Kalau mereka banyak yanh sakit. Siapa yang mau merawat kita?",1
"Ekspor Industri Manufaktur Meningkat 10 Persen di Tengah Pandemi Covid-19

Cek selengkapnya di https://t.co/Lkn0qR3zJ2 https://t.co/kwqkNCYYgn",1
"Wabah virus Corona tidak menyurutkan niat para perusahaan untuk mencatatkan sahamnya di pasar modal. Begini data dan faktanya: #IPO 

 https://t.co/Edm0iouzRP",0
"Dalam siroh Nabi SAW, banyak peperangan yang dilakukan di masa sulit bahkan dilakukan saat bulan Ramadhan. 

Yuk, kita tetap semangat menjalankan puasa di bulan puasa saat Pandemi seperti sekarang. &gt;&gt; Ramadhan Kita Istimewa &lt;&lt; 

#br33 https://t.co/wvlYmsM12t",2
"Pandemi Mengubah Wajah Ekonomi Dunia? (Selesai): Ekonomi Dunia tak Akan Kembali Sama Situasi yang tidak normal memerlukan cara berpikir, bertindak, dan jalan keluar yang tidak normal pula. Cara berpikir lama tidak laku. Kelambanan tidak berguna. Jalanâ€¦ https://t.co/4wPv5dfL5t https://t.co/Lpea4vgu1t",1
@byxbyss Corona corona teman baikku,0
"Ini sebelum #dirumahaja 
Kangen keluar rumah gua sumpah
#latepost 
251219 https://t.co/GnkGr1zEhP",0
@SetanBelanda @snfcknpt yuk lah abis corona yaa wkwkwk,1
"""SEMOGA TIDAK MENJADI PENYEBAB MAKIN BERTAMBAHNYA WABAH DAN MUSIBAH""

Pemerintah Joko Widodo lagi-lagi gagal menentukan prioritas.
Di tengah wabah Covid-19 dengan jumlah korban yang terus meningkat, pemerintah terus melanjutkan rencana pemindahan ibu kota.
https://t.co/9cT3rusmdU",0
"@kejO_Online @gojekindonesia Makanya bingung sama yg ngeluh pake itung2an 70rb x 30 hari = 2,1 jt. padahal program ini jelas2 program darurat, buat yg selama pandemi gacor ya jgn egois. semoga @gojekindonesia mendengarkan keluh kesah pembagian order dari para driver ğŸ™",0
"@cancansanti Iya, via halodoc. 
- Klik tes covid
- Pilih jam (dibagi 3 sesi pagi, siang, sore) kalo kuota penuh coba lagi besoknya
- Upload KTP
- Dapet kode booking gitu (detail pemesanan)
- Dateng deh ke tempat dn ikutin arahan team yg di sana. https://t.co/v8a71nIGTd",1
@kompascom Disaat masyarakat gak aman akan wabah pandemik global akibat covid-19 ditambah lagi gak aman akan napi yang dibebaskan yang suatu saat akan membuat tindak kriminal lagi ... Gimana pendapat kalian ges?,0
"3.Kepala BBPOM di Jakarta, Drs. Safriansyah, Apt, M.Kes merespon dampak pandemi dengan menginisiasi kegiatan pengumpulan donasi oleh pegawai BBPOM di Jakarta. - https://t.co/rzc2d2sLDS",2
Pangeran Philip Keluarkan Pernyataan Langka Terkait Covid-19 https://t.co/3UyD95PbUU #VirusCorona,1
"@traveloka Hemmmm.... 
Apalagi suasana Foodstreet kaya di Bangkok atau Osaka.... 
Thn kmrn dapet promo dr Traveloka, abis Covid berlalu ditunggu min diskonan nya... ğŸ˜—ğŸ˜—",1
"Target lainnya yang dieksekusi oleh tim adalah Bapak Alamasyah. Seorang penjaja koran jalanan berusia 40 tahun. Beliau biasa berjualan koran di lampu merah sekitaran Jalan Proklamasi dan lampu merah Matraman. Sejak wabah merebak, penghasilan beliau menurun drastis.",0
Tim relawan mahasiswa di Kabupaten Gowa melanjutkan penyemprotan disinfektan untuk mencegah penyebaran Corona. Total sudah ada 139 tempat. https://t.co/RncruRCOAd,2
"Meski #dirumahaja tapi Sahabat tetap bisa menikmati lezatnya makanan dari Sailendra Restaurant - JW Marriott Hotel Jakarta loh. Yuk pesan delivery service dengan #mandiridebit atau #mandiricard, cek info lengkapnya di  https://t.co/R0AqlZijrTÂ  â€¦ https://t.co/URg3xuupdw",2
"@FuadIbnuAziz Meski musim covid, Ramadhan kali ini akan menjadi yang terbaik &gt;&gt; #Puasa1441HSemangat1453M &lt;&lt; di Jakarta juga lagi trending #CintaRasulCintaRamadhan ayo didukung #hvfw &lt;&lt; https://t.co/FxR2DDlcwq",2
Pihak Cina Tolak Tuduhan Virus Corona Berasal dari Laboratorium di Wuhan https://t.co/2WEryTV1ZW,1
Balada PSBB: Kami Bukannya Tidak TakutÂ Covid-19 https://t.co/5CaVJ3Lejf,0
@Dennysiregar7 @CakL1571 #RelawanUntukNegeri siap beraksi melawan Covid-19 dan Covidrun-212 https://t.co/lvypLVshm6,2
"Kangen nge gym dan Zumbaaaa.

Ayolah segera berakhir pandemi ini, aku bosan workout di kamar muluk ğŸ˜‘ğŸ˜‘ğŸ˜‘ğŸ˜‘",1
"Selamat berbuka bagi yang menjalankan ibadah puasa
#dirumahaja #RamadanMubarak #Bukapuasa https://t.co/k8DeM6T7Oe",1
@prassmanan musim corona gini bikin beberapa orang jadi deket sama kelaparan,0
"@DKIJakarta @SunGoko52260756 @DinsosDKI1 Anehx tuh kkatax kumpulin data ktp dki dr 10 thn yg lalu. yg dpt bansos pun rata2 dah bercukupan pnya rmh ,kontrakan n mobil. Trs pengontrak yg ktp dki pun bnyk gk dpt, Lah emg 10 thn yg lalu dah ada corona apa y.",0
@astarte2017 Hebat kan Indonesia bisa mengeskpor komoditas rumput laut ke Korsel meski.sitkon pandemi global.begini.,2
"Selain baca, nonton film atau series bagus.. Kegiatan positive apa buat ngisi self quarantine? â€” Belajar masak dg resep mudah yang ada diytb2 ituloh https://t.co/W1r4zxr2Qj",2
@AlterBaseRated Kapan corona selesaii w ingin:(,0
Komunitas Motor Klasik Tangerang Bagikan Makanan untuk Buka Puasa #kabaroto #tangerang #bukapuasa https://t.co/48PhqDzMJy,2
"Corona udahan plis, w kgn mekdi:( https://t.co/xacfU8hM1D",0
"Waspada! Ahli mengatakan Indonesia akan terkena gelombang virus corona kedua yang bisa menyerang lebih banyak korban. 

https://t.co/R93LPVyN2R",1
WhatsApp memperkenalkan sederet sticker bertema social distancing terkait dengan karantina pandemi COVID-19 yang sedang berlangsung di seluruh dunia. #WhatsApp https://t.co/L7vavg9G2q,1
"corona aja yang udahan
aku kamu jangan ğŸ‘‰ğŸ‘ˆ",1
"Harus di tagih, meski di negeri ini sudah terbiasa pemimpin/pejabat obral janji, ngomong aja apa yg mau di omongi, soal realisasi itu urusan nanti.
https://t.co/0wGfuatT12",0
"Jadi, bagi saya, apa yang terjadi hari ini adalah: neoliberalisme sudah purna-tugas, kapital butuh bentuk yang lain untuk kelangsungan hidupnya. 

https://t.co/EmLM4FvxbB",0
"NEGARA ACEH-ğŸ‡ºğŸ‡¸ğŸ‡¬ğŸ‡§ğŸ‡²ğŸ‡«ğŸ‡¯ğŸ‡µğŸ‡¸ğŸ‡¬ğŸ‡²ğŸ‡¾ğŸ‡¹ğŸ‡·ğŸ‡¸ğŸ‡¦ğŸŒ: Demi Konstitusi ! Kami Merespon, Anda Presiden @realDonaldTrump-Presiden @EmmanuelMacron-PM @BorisJohnson-Sekjen @antonioguterres-Raja Arab @KingSalman: Mendorong Bentuk Tim Investigasi, Penyelidikan Virus Corona #COVID19 Laboratorium Virus China. https://t.co/Hh1jKEx8nr https://t.co/2pFc3g1JGG",0
Semoga pandemi ini berakhir...,2
Kiat Jovee Hadapi COVID-19 di Bulan Puasa https://t.co/gORGUepUm3 https://t.co/q386WtqmUB,1
Jalanan uda rame bgt ky ga ada corona,1
Untung aja ank pondok mah ngak ada tugas aman terkendali...... Buat yang formal semangat yah wkwkwkw #dirumahaja #mutualan #Mutualankuy #MutualanIG #mutualanIGkuy #Ramadhan #RamadhanTerakhirTanpaKhilafah #ramadhan2020 #santri #santrikeren #pesantren,2
@goldstein_cr Ia ini. Stres gegara corona kaliğŸ™„ğŸ™„ğŸ™„,0
"Yakinlah
""habis gelap terbitlah terang""

Memperingati Hari Kartini 21 April

#mask4all #MaskerUntukSemua #stayhome #dirumahaja #kirimpaket #motorcycle #jasaexpedisi #kirimbarang #logistics #courierandcargo

Tracking paket :
https://t.co/sGN2IiWtje https://t.co/A00900DiRi",2
"Sakit karena Covid-19, Dokter di Wuhan Dapati Kulit Mereka Menghitam https://t.co/fHGbKiMsiq via @YouTube",1
"Dari rumah terdengar suara sirine ambulance dan semakin dekat, kepikirannya jangan2 jemput pasien Covid ğŸ˜¢ğŸ˜¢",0
"@Lilin_Suci Ga berlaku kakting , puntenğŸ™
Nilai ku auto a lewat jalur corona kok",1
Gates Foundation Tegaskan Komitmen Bantu Tangani Pandemi Corona https://t.co/AI1ltwljl2,2
"Catatkan Nol Kasus Baru Covid-19 Selama 8 Hari Berturut-turut, Ini Rahasia Vietnam - https://t.co/NaYEUfSWSV https://t.co/afm1qnhnCq",1
@quinnxaraa Semoga virus Corona cepat hilang,2
"Di masa wabah ini
Semoga kita bersemangat dalam Beribadah dan berdoa
Semoga Corona segera berlalu.
Ketaatan pada syariat semakin menggebu &gt;&gt; Ramadhan Kita Istimewa &lt;&lt; #PejuangRamadhanLawanCorona
#RamadhanDiJakarta
 https://t.co/PqkpXHPMh4",2
"Tolong dipermudah min, mengingat saya taat pajak tp krn Wabah covid19 jd terbatas ruang gerak saya
Harusnya jika ada Esamsat, dipermudah juga untuk bisa mengirimkan bukti pembayaran pajaknya (lembar pajak) di stnk ke alamat sesuai Stnk
Cc bapak @ridwankamil @pemkotbekasi",1
"Bukan Ingin Jabatan, @PeterGontha Puji Kehebatan J
@jokowi Pimpin Ratas Atasi COVID-19 https://t.co/9n1iyq0PW8",1
"Inilah suasana hari perdana Lumbung Pangan Jatim yang digelar di Jatim Expo, Selasa (21/4). Pembeli diatur berjarak, di cek suhu tubuh dengan thermal gun, dikasih hand sanitizer  agar terhindar dari transmisi Covid-19. https://t.co/BuaAnBdnTu",1
"Angka Virus Corona Covid-19 Diprediksi Terus Turun, Rakyat Indonesia Diharapkan Bisa Hidup Normal Lagi Juli 2020 https://t.co/HznIKp1kgR",2
"Banyak orang bertanya-tanya kapan wabah corona berakhir, ahli sebutkan kalau Indonesia belum mencapai puncak wabah corona. Puncaknya akan dimulai pada awal Mei dan bisa mencapai 95.000 kasus.

https://t.co/zNHHjUUdbU",1
"Psbb dibuat untuk Cegah Penyebaran Covid-19 di Indonesia. 

#psbb #socialdistancing #LinescomLawanCovid19 #covid19 #viruscorona #indonesia #jakarta #stayhome #workfromhome https://t.co/hNe7lTNoJL",2
@RAgust23 Tetap senyum meski coronağŸ˜„,2
"Berikut Pedoman Operasional Regional tentang Penyediaan Layanan SRMNCAH (Sexual, Reproductive, Maternal, Newborn, Child, Adolescent Health) selama COVID-19 yang dikeluarkan oleh WHO-UNFPA-UNICEF.

bisa diunduh disini:
https://t.co/TPIXsLCtiY",1
"Para kader Partai Demokrat Kota Bandar Lampung dan D'Blue Laundry (usaha kerakyatan binaan PD) membagikan masker dan vitamin kepada warga utk mengantisipasi penyebaran Covid-19.
#demokratlawancorona https://t.co/Z2nd4KNIcf",2
Dulu sebelum ada Corona walaupun dia cuma supir angkot tapi dia selalu ngirim uang sebulan sekali. Gua ngerasa gagal bgt gua gak bisa kasih apa2 ke bokap. Tabungan udah abis Krn pas awal Corona masuk gua sempet dirawat 2x. Bahkan ini baru masuk kerja 2hari,0
DPR: Prioritaskan Tes PCR untuk Memutus Penyebaran Covid-19 https://t.co/S2GaYdL3d4,1
"Simak! Ditjen Pajak (DJP) merilis pengumuman perpanjangan waktu pelayanan perpajakan tanpa tatap muka.
Yuk baca berita selengkapnya di sini https://t.co/K98s6xUi3b

#pelayanan #pelayananlangsung #DitjenPajak #DJP #corona #covid19 https://t.co/kTie4k3E6r",1
"@eecaaaaa_ Pulsa
Semoga rezekinya lancar terus corona cepat hilang",2
Setelah potong botak ini mau coba ga potong rambut lagi sampe corona kelar.. mau tau kuat apa engga,1
"@doggudoggu yash, bagi pengidap rhinitis dan sinusitis era covid ini waspada dua kalilipat, antara alerginya kumat atau ada sesuatu yang lain..",0
"Kegiatan Pengangkutan Sampah Rw 01 (Bak AURI) Kel. Ujung Menteng, No. Pintu 1264 T/ B 9636 TOQ
jumat, 24 april 2020
@aniesbaswedan @Herwansyah @yogiikhwan @mmmulyana39 @dinaslhdki @SudinLHTimur 
#PSBBJakarta
#YukPakaiMasker
#Dirumahaja 
#LawanCovid19
#JakartaTanggapCorona https://t.co/0Geocgemjc",1
"Memprediksi perilaku virus SARS-CoV-2 berdasarkan karakteristik virus korona SARS dan MERS adalah tindakan sangat spekulatif.

#Opini #adadikompas
https://t.co/jmPIqhZid1",1
"Kapan pandemi ini berakhir? 

Timbul pertanyaan??",1
@dlqqk dampak covid19 ini,1
"Hadir lagi diskon 20% disetiap transaksi @mncshop menggunakan Kartu Kredit MNC Bank. Dan sebagai bentuk komitmen kami dalam memerangi covid-19, transaksinya hanya melalui Call Center MSHOP di 1-500-887.
#promokebut #mncshop #diskon20% #bikinmudah #punyakartu #promomncbank #mshop https://t.co/aXxKmd4ly3",1
"INGET!!! BULAN INI BOLEH BELI SKINCARE TAPI JANGAN BANYAK BANYAK!! LAGI PANDEMI, HARUS TAU DIRI!! GOBLOK BOLEH TAPI JANGAN DIBORONG SEMUA

-Dari aku
-Untuk diriku",0
Di suruh di rumah ajh ga boleh keluar2 jauh .. tapi kenapa orang yg positif covid 19 tambah bnyk yak ? Harus nya kan bisa berkurang bukan nya malah bertambah bnykğŸ¤¦ğŸ»â€â™€ï¸ğŸ¤¦ğŸ»â€â™€ï¸,1
"Dengan kemampuan seadanya, komunitas transpuan ini tidak menyangka bahwa aksi sosial yang mereka lakukan dapat berdampak positif bagi komunitasnya dan mendatangkan penerimaan dari masyarakat.

https://t.co/pmaPtpxfxg - Patresia Kirnandita #terkini #kartiniday #harikartini",2
"Mari berjuang bersama melawan Covid-19, dengan mematuhi arahan pemerintah dan disiplin menjaga kesehatan diri serta keluarga... 

#mask4all #Mudik #stayhome #dirumahaja #kirimpaket #motorcycle #jasaexpedisi #kirimbarang #logistics #courierandcargo

https://t.co/sGN2IiWtje https://t.co/gSq8PDBUuR",2
"@icecrreamm_ maret slesai klo gasalah deh, corona slesai kita main trs gua bakal story ttg dia dan someone ğŸ¤­",1
"Dirumah tetap punya investasi

#PROMO 
#LAWANCORONA #DIRUMAHAJA

*Buy at the Bad Times, Sell at the Good Times - Lo Kheng Hong*
(Indonesia's Warren Buffett)

Dapatkan promo

Info &amp; Booking Unit :
+62 877 819 666 54 https://t.co/PObw5eNekk",1
@_eanois @subtanyarl Gamau corona,0
"Yang namanya jagoan, dimana pun juga pasti nemu ide bagus. Duit transportnya? Ya investasiin aja, setuju nggak sobat MAMI?â£â£
â£â£
#SedikitDemiSebukitâ£â£
#BikinUangKeringetanâ£â£
#JagoKandangâ£â£
#DiRumahAja",1
@PuteriSrimaya Semoga kita semua di lindungi Alloh dri segala wabah yang melanda dunia,2
Smoga pasien #Covid_19 sembuh semua ğŸ™ğŸ™ğŸ™ https://t.co/3RyrFle4z6,2
"Sebulan belakangan ini internet di rumah bikin kesal.

Kalau pagi lancar, giliran siang sampai malam lemot.

Sebelum ada ribut-ribut COVID-19 normal aja padahal. ğŸ˜‘",0
#HOAKS/FAKTA: 7 Anggapan pada COVID-19 #kabaroto #covid19 https://t.co/rzJJIi3zuL,1
"Tes Swab Corona di RSCM Kencana Bisa Dilakukan Drive Thru, Ini Alurnya https://t.co/LQjwm5gumm",1
"PemprovÂ Papua Barat siap memggelontorkan anggaran untuk penanganan dampak ekonomi akibat wabah covid-19 sebesar Rp197,8 miliar dalam bentuk bantuan bahan pangan.Â   https://t.co/1pGlamB0Pi",1
"Tegas menegakkan hukum ditengah pandemi Covid-19, Polri mendapat apresiasi dari DPR RI. #DPRRIApresiasiPolri.",2
"Anak 7 Tahun Positif Corona, Tertular Ayahnya yang Mengikuti Ijtima Ulama Gowa https://t.co/DRkyKojU1Y #LINETODAY",1
"Corona ciptaan Allah
Ramadhan mulia
Mudah bagi Allah hilangkan Corona ditengah Ramadhan &gt;&gt; #RamadhanKitaIstimewa &lt;&lt; di Jakarta juga lagi trending #RamadhanTerakhirTanpaKhilafah ayo didukung #p5a2 &lt;&lt; https://t.co/Q3akNVebq0",2
"Marhaban ya Ramadhan.
Mohon maaf lahir dan bathinğŸ™‡
Semoga Kita dapat melaksanakan Ibadah Puasa Ramadhan 1441 H / 2020 dalam keadaan sehat wal'afiat. Semoga wabah Covid -19 segera sirna dan tidak menyurutkan dalamâ€¦ https://t.co/Sekexh58yh",2
pen kek gini skrg tp lg corona:( https://t.co/hLFjwnBmWj,0
Tai...lah. Banyak rakyat yg ngeluh ngga kebagian. Ngomong di jamban aja sana. Masa Pandemi begini bisa-bisanya pemerintsh cuman janji2 doang. https://t.co/QKvaEkBOEA,0
"@corraboy Selamat pagi. Terima kasih atas saran dan masukannya. Namun kebijakan perubahan layanan ini diambil untuk mengurangi rantai penyebaran virus COVID-19. Mari kita berperan aktif menjalankan Social Distancing, tetap jaga kesehatan dan hanya berpergian saat dibutuhkan ya :) -NV",2
Masker dibagikan terutama untuk pejuang keluarga yang belum bisa #dirumahaja. https://t.co/JEYwHVXeU3,2
Bahagia sesederhana dinas malam di non covid tak perlu pake apd lengkapğŸ¤—,2
"@D1msumn aku tau kok, aku kerumah nandaay nanti main kalo corona dah ilang yak",2
"Update Corona 21 April: Positif 7.135 Kasus, Pasien Sembuh Naik Signifikan https://t.co/Ts34DUQWGq https://t.co/Uw8eLcBZ8g",2
Agar Ramadhan Bersama Keluarga Tetap Bermakna di Tengah Pandemi Corona https://t.co/1nJV94dEnf https://t.co/iZjMZdv5VP,2
"Bantu Rakyat Terdampak Covid-19, Ini Aksi Nyata Wakil Ketua Komisi 1 DPR dari PKS https://t.co/seTkIYFbPH https://t.co/F3ONGhns0l",2
"2. Dompet Dhuafa berinisiatif membangun Fasilitas kesehatan kegawatdaruratan untuk pasien Covid-19. Mengapa RS Container? Krn RS Container, portable, ramah lingkungan, proses pembuatan cepat dan tahan lama. Ditempatkan di lahan wakaf yg luas di @RST_DD Parung, Bogor #CEKALCorona",2
"#BREAKING: Departemen Kesehatan Filipina mengatakan 16 pasien meninggal karena Covid-19 dalam 24 jam terakhir, menjadikan total 462 kematian",1
Pemerintah: Covid-19 Dapat Dicegah dengan Disiplin dan Gotong Royong #TauCepatTanpaBatas #BeritaTerkini #Berita #News #BeritaNasional . https://t.co/zd1yjhNRp3,1
"Curhat Dokter Corona di Sukabumi, Mandi 5 Kali Sehari hingga Jauh dari Keluarga",1
Ada kebahagiaan di setiap musibah ini.corona pergilah https://t.co/xvKWUJKcnH,2
"Akhirnya mudik lebaran tahun ini di larang, untuk pencegahan penyebaran covid 19 agar kasus baru di daerah tidak terus bertambah.ğŸ™„ https://t.co/MEDkI0VK7y",1
"""Ada yg nyumbang sayur ya itu menunya kadang ada yg nyumbang ikan ya itu menunya soalnya kita tdk ada dana nya"" kata Ust Uje.

Yuk bantu warga RT 01/05 kel Neroktog-Tangerang dalam menghadapi dampak corona.

Bagi yg ingn berpartisipasi bsa hub +62 817-0990-212 (Ust Uje) https://t.co/CDNz0QJ6GQ",2
"Gubernur Sulsel Keliling Daerah, Pantau Pencegahan dan Penanganan Covid-19 https://t.co/4RmEJTTO73 https://t.co/a3qf5bMqDm",2
"@covid19_indo 2. Aku kesal, ketika sudah pengangguran pun, aku gabisa pulang ke kampung. Setidak nya sandang pangan papan ku tercukupi disana bersama orang tua. Aku benar benar hampir jadi gelandangan disini.",0
"@bboliv @FWBFESS_ Mending, aku smpe pandemi berakhir kayanya",0
RSKD Duren Sawit Rawat 82 Pasien Positif Corona. #merahputih #Covid_19 #Jakarta #rumahsakit https://t.co/6aZmbCmhv7,1
"Hi Beauty Lovers!

Selama beraktivitas #dirumahaja kamu tetap bisa tampil maksimal loh! Karena walau #dirumahaja, dengan tampil percaya diri, kamu akan jadi lebih semangat dalam menghadapi hari!

Boost mood kamu danâ€¦ https://t.co/2PwR9xlTTy",2
Reposted from larcband Buat kalian yang butuh hiburan live music pas lagi #dirumahaja . Hari Sabtu tanggal 25 April 2020 jam 20.00 WIB kami bakal perform live di Instagram kami dengan durasi 1 jam FOR FREE. Kalianâ€¦ https://t.co/8E962mMIcL,1
@jokowi Saya mekanik pak ktp kampung tinggal di tangerang.krj di jakarta kena dampak psbb dan covid19.saya g mudik pak.udah sebulan saya g ada penghasilan ada anak ada istri tolong bantu saya pak gimana biar dpt kombensasi,0
Polres Rembang gencar menertibkan warga yang masih berkerumun di kafe karaoke di tengah pandemi virus Corona. Salah seorang di antaranya seorang kepala desa. #Rembang #VirusCorona https://t.co/pHfRoTaNJJ,1
"Terpaksa harus ke supermarket untuk belanja kebutuhan, Sob? Oh, tak perlu khawatir~

Sebelum berangkat, simak dulu tips berbelanja di supermarket berikut agar tetap aman selama pandemi Covid-19 ğŸ‘

#lawancovid19 #tipsbelanja #tipsbelanjaaman https://t.co/nSajYmhwlD",1
"Dalam blognya, Gates Notes, Bill Gates membahas berbagai hal soal pandemi corona dan upaya untuk mengatasinya. https://t.co/Jgv8rna1Tv",1
@fitrinafadza Itu jangankan covid. Ghibah tetangga pun gaakan mempan masuk itu...,0
"Dalam hati, berharap banget nih setelah pandemi Corona berakhir bisa langsung nonton LIVE Kunto Aji di TKP dan bisa menangin challengenya juga di periode ini, uhuuuy #MagerWithDCODE",2
"Seminar wajib 2 , gw blum ambil samsek dr awal wkwk udh smster 6, corona :) ga ad seminar dongg wkwk",2
"Butuh Kesadaran,Kerjasama dan Dukungan dari Masyarakat dalam Pelaksanaan PSBB untuk memutus  mata rantai penyebaran Virus Covid 19.@Kota_Tangerang @HumasTangerang @TangerangLIVE @KecTangerang @tng_tv @AboutTNG @kampungsigacor @PSBB @alambanten @likebanten https://t.co/IzqRV9SZt4",2
"Perpu harus ditolak, tapi alkes rapid test, APD, PCR harus tersedia sebanyak mungkin. Seluruh rakyat  terdampak Corona harus dapat bantuan sosial, tapi pemerintah tidak boleh tambah utang. Kadang saya pikir itu kritik atau kentut.",0
15 Langkah Praktis Tingkatkan Imunitas Tubuh Saat Berpuasa di tengah Pandemi Corona - https://t.co/8ouOmAkUtH,1
akhirnya saya menemukan bakat saya yg tersembunyi berkat pandemi,1
@lukimukti @blogdokter Sekali-kali hrs rehat dr medsos. Saat ini TV &amp; medsos memang beritanya ttg COVID-19 trus. Klu ga bs piknik ya mending nonton yg lain dulu,0
"08.19 #BeritaSONORA - Di Tengah Pandemi Corona Ini, Warga Diminta Tak Mudik saat Corona,Menag: Mudharatnya Lebih Banyak: Menteri Agama Fachrul Razi meminta masyarakat utk tidak mudik ke kampung halaman di tengah pandemi virus corona atau Covid-19. https://t.co/WgfS6yD2Ou",1
"Di tengah pandemi, sulitnya mendapatkan bahan makanan juga dirasakan oleh aktris Eriska Rein. Namun ia mengakalinya dengan menggunakan Bumbu Racik untuk memasak https://t.co/JOxZoGGg4V",2
"Darurat PHK Saat Pandemi Covid-19, Ini Yang Dilakukan PC SPAI FSPMI DKI https://t.co/N1hhtQH7d8",1
"@HisyamAk Coba gaada corona,lu gabakal bales twit ini",0
"Abis masa Corona selesai mau hunting foto tempat"" bersejarah/ Kuburan lama ğŸ˜¶.",2
"Di lepas bukan karena covid-19, tapi karena negara sudah tidak mampu menjamin mereka di dalam bui,
Dan juga baiknya bila di Yasonna di pecat pak @jokowi https://t.co/aOzWvbc8ef",0
"Corona ilang, gw pengen berlama-lama di gunung!! https://t.co/IVrblCsZwM",2
@MRTNZIG_ ngabuburit di tengah pandemi,2
@MardaniAliSera Ya udah pak mar mudik aja ..dan mga oleh oleh corona buat pak mar aja.kgk usah di bagi  bagi ya,0
"Mengeringkan Tangan Setelah Mencuci Tangan Dapat Cegah Penyebaran Virus Corona, Kok Bisa? https://t.co/a2Aav8dCAq",1
"Jadi Sorotan di Tengah Pandemi, Menengok Reaksi Warganet Untuk Para Menteri Jokowi https://t.co/lO9keHp63v",1
"Kalau baca cerita gejala corona, jadi ikutan susah nafas.",0
Bupati Sragen Instruksikan Kades Salurkan BLT Bagi Warga Terdampak Pandemi Korona  https://t.co/0MwHzB33nF,2
"@USConGenSby Benar yang dikatakan oleh @USConGenSby 
Saya Terkena Dampak Wabah COVID-19 yakni Saya tidak bisa kunjungan ke Kampung halaman yakni Surabaya dan Palangkaraya 
.
Bulan Suci Ramadhan Harus tetap Semangat ., Banyak berdoa Agar wabah ini cepat berakhir",2
"Guys...Mari bantu kelompok masyarakat yang terdampak Wabah Covid-19 terutama Yatim Piatu, fakir miskin, Lansia, kelompok disabilitas yang belum mendptkan bantuan sosial. 

#DemokratPeduliDanBerbagi https://t.co/NKil95QhZ8",2
"Kacau bener negara sekarang, pandemi ga jelas ngurusnya, aktivis2 ditangkapin. 

Gw kalo jd anak presiden ga bisa tidur tenang kali malem2 boro2 post IG redbal redbul",0
"Petani Minahasa Panen Raya Padi dan Jagung, Pandemi Covid-19 Tak Masalah-https://t.co/OxPoo03fDX",2
Sikuvid dan Sikevid yang merupakan alat ukur kesehatan fisik dan pikis masyarakat https://t.co/wLVCeBSYz0,1
"@ekklesia_tirza Yaampunnn !! di sbux sarinah oii ngomongnya trs ktm si karmel trs diajak makan di gang daerah sabang ğŸ¥°thankyou echa sudah perhatian sm aku donutnya ludes, semoga covid berlalu kita laksanakan ya ğŸ–¤ğŸ–¤ğŸ–¤",2
Insya Allah perjuangan kita ditengah pandemi akan membuahkan hasil nyata --&gt;#SambutRamadhanKita &lt;-- #bo5n,2
Dokter Puskesmas di Mojokerto Positif Corona #TauCepatTanpaBatas #BeritaTerkini  . https://t.co/NbhNaCodrd,1
@titisapto Gimana dong season 5 ketunda Corona ğŸ˜¢,0
"@d_coffeeandme_ Gagal lagi setelah banjir, kemacetan, rumah Dp 0%, sekarang Covid-19",0
Selama ini perhatian dan bantuan publik lebih banyak terpusat kepada masyarakat perkotaan yang terdampak secara ekonomi akibat persebaran wabah virus Corona (Covid-19). Pemberitaan terkait penanganan dampak Covid untuk masyarakat kota tersebar setiap hari. AyoBantuNelayan,2
"Update COVID19 di RI : 7.135 Positif, 616 Meninggal, 842 sembuh. Di DKI : 1.226 jenazah dimakamkan dg protap COVID19 https://t.co/vacXaIzM4w",2
"https://t.co/bjlLkwhoJt

Kolom Website Pusat Penelitian Politik-LIPI #5 Eds.COVID-19

*Wilayah Perbatasan Indonesia di Tengah Pandemi COVID-19*

oleh Anta Nasution, M.Han _Peneliti P2P-LIPI_",1
"Selamat bersahur dan menunaikan ibadah puasa Ramadhan 
Mari kita ikuti saran dan himbauwan pemerinta demi kepentingan betsama dslam membrantas wabah covid 1,9. https://t.co/hp3zo38uUh",2
"Lagi #dirumahaja  itu paling cocok nonton acara travelling.
ğŸ˜ŠğŸ˜ŠğŸ˜Š...
#TravellerArgentina 
#AhnJaeHong  ğŸ’™ğŸ’™ https://t.co/ZC2VoaMjuk",2
"Sing ora manut anjurane pemerintah,mugo"" gek keno corona.
Mangkel aku...(kpn rampunge pandemi iki).",2
"#TwitterPleaseDoYourMagic Dijual cepat, second like new, Novation Launchkey Mini MK2. Dijual 1.4jt aja (bisa nego). Sekuttt #novation #launckey #mk25 . Corona sucks ğŸ™ğŸ» Lokasi : Karawaci, Tangerang https://t.co/pHLGhNf0Od",1
"Perindo berbagi masker, vitamin &amp; sembako di tengah pandemi di berbagai daerah

Untuk ringankan beban masyarakat, hadapi masa-masa sulit ini

#BersatuHadapiCorona, pandemi ini pasti bisa kita lalui ğŸ™

#GerakanMaskerKain #bersatuhadapicorona #Jagajarak #HaryTanoesoedibjo https://t.co/QRU7GMH1Fq",2
"Saat tenaga medis mempelajari lebih lanjut tentang apa yang membuat virus Corona begitu parah, mereka menemukan adanya komplikasi misterius. #Coronavirus 

via @detikHealth https://t.co/3aNakYQm0h",1
"Tadinya mo ngetag calon suami tapi gapunya...  
Ydh gajadi ngetag... 
#dirumahaja https://t.co/Rj2Jv2tq8K",1
"Terlengkap Ribuan Koleksi, Ready Size &amp; Glam ColoursğŸ”¥budget tipis covid19 ?? Tetap hemat, exist ootd di rumah, Gak perlu buang duit Jutaan Baju India Mewah ğŸ˜˜ğŸ˜˜â¤ï¸ğŸ”¥ Feel Free Open collaboration Business Bollywood Makeâ€¦ https://t.co/kPWOMT2fhq",1
"@devy215 @lukmanalwahid @NajwaShihab Biarin di bilang pekok yg penting tidak pekok,dlm konteks ini menurut sy nana benar mo mudik mo pulkam sama2 terjadi perpindahan orang dan saat ini berbahaya krn bisa menularkan covid.",0
"@haecheun Iyaa coba bsk di cek dulu atmnya, siaoa tau masih ada saldonya, amiin.. Aku sih ada buat beli 1 album tapi lagi pandemi kayak gini gak ada pemasukan uang lagi ğŸ˜­ğŸ˜­ğŸ˜­ğŸ˜­",0
"[RISET] Keterbukaan data merupakan salah satu upaya membendung penyebaran virus korona. Data tersebut penting sebagai dasar penentuan  pola penyebaran virus dan penyusunan kebijakan kesehatan yang tepat sasaran.

#Riset #adadikompas #COVIDãƒ¼19 
https://t.co/KDLJqRQ0la",2
DPR Awasi Perppu Corona Agar Tidak Terjadi Penyelewengan. #merahputih #DPR #Covid_19 https://t.co/m32dSzlH7s,2
Dishub Lampung Selatan Simulasi Check Point Corona https://t.co/rsCqxT8GDM https://t.co/ZC6QuklOVs,1
"Asal Disiplin, Gubernur Nurdin Abdullah Yakini Pandemi Corona Berakhir Sebelum Lebaran

https://t.co/I1CCfCQcNA",2
"Sebagai bentuk apresiasi kepada Kartini masa kini, khususnya yang ikut membantu mengatasi Covid-19, @hariankompas memberikan diskon belanja 50% kepada siapa saja yang menggunakan kode KARTINI50. Promo berlaku 21-26 April 2020. Klik di sini:
https://t.co/T4yjXiykRq https://t.co/bdbfsAAnOK",2
"Corona buru kek musnah.
Gua mau jalan2 ni ahelah.
-_-",0
Masjid bisa menjadi pusat bantuan sosial untuk warga terdampak Covid-19. https://t.co/I3jjYDxQ54,1
Dulu Hari Sabtu-Minggu atau tanggal merah tuh berasa spesial banget... Karena di hari itu gw bs istirahat total &amp; nikmatin nonton film atau maen game. Tapi setelah ada pandemi COVID-19 + WFH hari Sabtu-Minggu tuh biasa aja gak ada spesial2 nya sm kyk hari yg lainnya ğŸ˜…,0
"Kabupaten Sleman menjadi kabupaten dengan jumlah kasus positif virus Corona (COVID-19) terbanyak di Daerah Istimewa Yogyakarta (DIY). Kendati demikian, Gugus Tugas DIY belum menyebutnya sebagai zona merah. #CoronaUpdate #Yogyakarta https://t.co/tJZ25BLkYl",1
"Gara-Gara covid 19 puasa jadi 30               hari, biasa kan sebulan.",1
"Optimis bukan sekedar slogan, tapi juga dihitung dengan waktu yg presisiâ€¦. dimulai dari corona berlalunya bulan apa ya pak ? after 2024 kah setelah terpilih presiden baru ? https://t.co/9LaVKixzmu",0
".
Dirjen Pothan Kemhan RI Ibu Bondan Tiara Sofyan memimpin upacara pembukaan Bimbingan Teknis Relawan Komponen Pendukung Pertahanan Negara Bidang Kesehatan Yang bertujuan untuk percepatan penanggulangan #COVID19,â€¦ https://t.co/s9Gv2feCIu",1
"DPW PSI Sumut Bagi Sembako, Masker dan Semprot Disinfektan

#PSIbersamaRakyat
#SolidaritasLawanCorona

https://t.co/YLQzQv7iTT",2
"Selamat datang bulan Mulia
Bulan Ramadhan
Bulan penuh rahmat dan ampunan
Selamat menjalankan beribadah Ramadhan, semoga segala amal ibadah kita diterima disisiNya
Semoga pandemi Covid-19 ini segera berlalu danâ€¦ https://t.co/aPMWvUse4g",2
Banyak mengkonsumsi makanan yang asupan protein tinggi seperti #ikan_lele dan mengikuti arahan dokter selama masa isolasi. Akhirnya pasien yg terpapar #COVID_19 dinyatakan SEMBUH. https://t.co/zQPVpZe2Ox,1
"Titik kritis dampak pandemi Covid-19 terhadap perekonomian akan terjadi pada triwulan II-2020.

#Ekonomi #adadikompas #COVID19 
https://t.co/EetuQB3cvq",1
@IICEDAMERICANO Banyak bat kek corona,0
Jokowi meminta kepada jajarannya menyampaikan keterbukaan informasi perihal kasus COVID-19 di Indonesia. Jokowi enggan pemerintah dianggap menutup-tutupi data. #Jokowi #VirusCorona https://t.co/kgOzhU8Zgu,1
@WahabisLokal Justru dia minta lockdown karena biar nggak perlu kerja. Tinggal ongkang2 kaki... dengan penerapan PSBB jadi keliatan kl anies nggak becus menangani situasi darurat corona,0
bhakti sosial untuk ringankan beban masyarakat di tengah pandemi corona. #BaksosPolriPeduli,2
"maka prediksi modelling paling akurat dari berakhirnya Pandemi ini, Allah yang menjawabnya sendiri di diksi selanjutnya. Pada ayat yang sama.",1
"Telponan ama si yulitha mah obrolannya berat ğŸ˜­ dari persiapan lahiran, politik global, pemerintahan jokowi ampe konspirasi dunia tntg covid-19.

Otak gw yg isinya eue doang ga bisa mencerna. Beratt cuk ğŸ˜­",0
"@AbahNasrullah Corona dan hawa nafsu minggir dulu, Ramadhan mau lewat --&gt; #SambutRamadhanKita",2
Warga Pelosok di Kobar Terdampak Corona Diberi Bantuan Sembako #TauCepatTanpaBatas #BeritaTerkini #BeritaDaerah . https://t.co/CaJcceU8py,1
"Nasib jomblo saat #dirumahaja
Buka wa - liat story - menu
Buka IG - Liat story - menu
Buka Twitter - baca baca - Reetwet - menu.
Ujung - ujung nya nonton film
Segabut itu kah jomblo saat #dirumahaja",1
"Update Corona Sumatera Utara: 105 Positif, 146 PDP, 21 Sembuh https://t.co/Jp4uRRP5V3",1
Menko Polhukam Mahfud Md menjelaskan mengenai persoalan kekebalan hukum dalam Perppu No 1 Tahun 2020. Apa katanya? https://t.co/pBWuXFAW3A,1
"Selamat sahur guys, alhamdulilahhh bisa puasa lagi. Semoga corona cepat ilang ğŸ˜¢âœ¨ğŸŒˆâ¤ï¸ğŸ˜‡",2
"GaraÂ² video tugas Gerald. Kita jadi lanjutin aja videonya ya. 
#dirumahaja @ Jakarta, Indonesia https://t.co/8SOZ5HiMbB",1
Pandemi ini ngebuat gue jd texting orang2 yayaya,0
"Silakan bergabung besok ya teman2...

#MeditasiOnline #DiRumahAja #DialogSpiritual https://t.co/FkwABh9zua",2
Semoga corona hilang bulan depan ... udh ga ada pemasukan ini .. https://t.co/bV3trlfLGy,2
"Galang dana untuk tenaga medis, Erwin Gutawa menggelar konser orkestra dari rumah. https://t.co/3LAsNNV4qJ",2
memeseran online tp kenapa diambilnya di indomaret gusti keur corona kieu aya aya wae teu ejreug barang meuli nanaon teh..,0
"Assalaamu'alaykum wr wb
Saya ada Alat Pelindung Diri (APD) lengkap untuk menghadapi wabah Virus Corona 19 / Qiff 19. Rapid Test pun ada, barangkali anda Donatur untuk pembelian APD tersebut dibawah ini bisa hubungi saya. Semua APD berasal  dari Bandung ya.. https://t.co/LEyiwvCXZU",1
"Begini cara umat Muslim di AS merayakan Ramadan. #RamadanDekatDiHati

https://t.co/Rjsg881SLP https://t.co/ucQzTQ6fKJ",1
Corona ilang lah gw mau muterin cipadu nihh!!,0
"target untuk pendidikan lagi harusnya gak lama setelah kerja.. tapi klo keadaan corona gini harus nunda target lagi dan memulai dari nol..gapapa, umur dihabiskan untuk pengalaman dan pendidikan..yg penting usaha dan berdoa gak sesuai target? biar yg di atas menentukan.",2
"Bisa dm langsung ke sini ya :) 
Cc : @drhaltekehalte 
Terima kasih ğŸ™ğŸ™
#staysafe 
#dirumahaja 
#biarkamiantar",1
Grgr corona kita jd jarang #SilaturahmiSetiapHari https://t.co/SKOqSWTNHz,0
"Bantuanmu sangat berarti untuk para keluarga prasejahtera. Dengan tidak perlu membayar tagihan listrik, mereka bisa menggunakan uangnya untuk membeli sembako.
Ikuti langkah mudah ini dan ulurkan tanganmu untuk membantu. Bersama kita bisa melewati masa pandemi yang gelap ini. https://t.co/QjklwIFSgQ",2
"Giat bak Oppo, kel. Rawaterate, armada 1349T
Sabtu, 25 april 2020 
@aniesbaswedan @Herwansyah @yogiikhwan @mmmulyana39 @dinaslhdki @SudinLHTimur @ProKlim_KLHK
#DinasLHDKI 
#PSBBJakarta
#YukPakaiMasker
#Dirumahaja 
#LawanCovid19
#JakartaTanggapCorona https://t.co/N9XKLrxAjN",1
"sadar kapasitas la, kl bukan siapa2 gausa ngetweet tentang covid.",1
Ada 3 Klaster Penularan COvid-19 Terbuka di Banyumas https://t.co/H529le2Lt9,1
"Di tengah pandemi dan kampanye #DiRumahAja , tampaknya keputusan orang memilih ponsel akan berubah.

Ya kan ga keluar rumah: di mana ponsel dibutuhin â€” awalnya.

â€” SEBUAH UTAS â€”",1
"Puasa disebut dapat meningkatkan imun tubuh, berikut aturan makanan yang bisa dikonsumsi agar tubuh bisa tangkal virus corona!

https://t.co/jf98neQYCY",2
Menhub Budi Karya meminta seluruh pihak mendukung pemerintah di tengah perjuangan melawan pandemi covid-19.  https://t.co/ZjhZkKekQJ,1
"Kandungan antioksidan, protein, mineral &amp; vitamin mbuat beepollen dpt mbantu meningkatkan sistem kekebalan tubuh &amp; melawan stiap penyakit trmasuk virus corona. Utk info lbh lanjut klik link ini https://t.co/OWP7tn2XYc 
https://t.co/BpQEMmA9sg",1
"yaa allah jgn biarkan hal2 buruk menimpa hamba dan  keluarga hamba jauhkan dr segala marabahaya dan penyakit  dan berikan nikmat sehat dan keselamatan di dunia dan di akherat
marhaban yaaa ramadhan 1441
mohon maaf lahir dan batin 
#IbadahDiRumah #MarhabanYaRamadhan #COVID19",2
@ijlalfizardiii Corona ank manesi kalo ada wujudny gua gebukin anjinccccc,0
"Kinerja Dibayangi Covid-19, Begini Jurus Transcoal (TCPI) Jaga Kinerja https://t.co/qwhI8LA0vl",2
"Akibat Corona, Pedagang Tunda Beli Motor Bekas https://t.co/tq6vNgAD05",0
"Syeikh Ali Jaber: Jangan Mudik, Jangan Biarkan Wabah Corona Menyebar https://t.co/DT459mYBBy",2
"Dari dulu nih kan, aku tuh memang punya penyakit kambuhan. Yaitu demam. Badan panas dingin. Biasanya sih sans aee ngadepinnya kalau kambuh. 

Tapi dikondisi sekarang, penyakitku jadi macem gejala corona tuh katanya. Makanya agak serem juga.

Kemaren waktu korban meninggal...",0
"Rekans, kondisi luar biasa Pandemi Covid-19 belum pernah terjadi di dunia dan ini berdampak hampir di seluruh negara dunia. jadi ini adalah kondisi yang bisa disebut extra ordinary. 

#IniUntukKita
#LawanCovid19 https://t.co/3AlkwfJrHY",1
"@Kanim_Jaksel halo bgmn bila wna yg punya kitas/merp ingin ke jkt? Lalu, mau tanya point pasal 3 ayat 2 b. Apakah artinya wna hrs berada di negara yg bebas covid terlebih dahulu..skrg hampir ga ada negara yg bebas covid. https://t.co/DJQ7iTy1Xg",0
Tya Ariestya: Ke Rumah Sakit di Masa Pandemi Corona Deg-degannya Minta Ampun https://t.co/K1F5AjCTxI,0
"Semakin kita disiplin untuk tetap #dirumahaja, mengurangi aktivitas di luar, maka semakin sedikit interaksi, lalu semakin kecil pula potensi penularannya. Dengan begitu pandemi ini akan lebih cepat usai.

Tetap semangat, kita #hadapibersama!

#PSBBJakarta #JakartaTanggapCorona",2
"@YoGojekYo semoga sehat dan berkah om, ayo minimalisir aktifitas diluar rumah, persiapkan keluarga kita untuk dunia baru setelah pandemi ini berlalu.
#ButuhDriver 
#terimakasihorangbaik",2
Perusahaan Otobus (PO) Naikilah Perusahaan Minang (NPM) mengeluhkan dampak virus corona (Covid-19) yang membuat tidak beroperasi di tengah PSBB. https://t.co/bFjzYrRV88,0
"Senin ini perjuangan kamu untuk tetap #DiRumahAja akan ditemani @wafdasaifan dengan Official Lyric Video #PerjuanganCinta! ğŸ¥°

Klik https://t.co/dVtU1UWXKj untuk nonton full video-nya di Youtube Channel #MDMusic sekarang! âœ¨

#MDMusicThrowbackMonday https://t.co/CctX6ibqDM",2
Inilah Daftar Lengkap 152 Sekolah di Jakarta yang Akan Dijadikan Tempat Isolasi Covid-19 - https://t.co/SWxqbZ2kYk,1
"Perjuangan Menhub Budi Karya Pulih dari Corona, Sempat Tak Sadar 14 Hari https://t.co/NwU5ZPzG2W",1
Selama wabah pandemi ini yang masih belum tau kapan berakhirnya. Ngebuat gue muter otak gimana caranya biar tetep ngehasilin uang. Mencoba produktif kembali kayak dulu. Karena kita gabisa terus2an bergantung ke tempat kerja kita sekarang. Karena kita ga akan tau gimana kedepannya,2
@n_amalyaa Gmn mau terbit ya. Corona begini,0
"Setelah mendapat apresiasi dari DPR RI terkait aksi kemanusiaan terhadap masyarakat terdampak Covid-19, DPR RI kembali memberi apresiasi kepada Polri terkait kinerja dalam menjaga Kamtibmas. #DPRRIApresiasiPolri.",2
"Anjay ini ngapa jadi cerita baju ğŸ˜…, pdhl mau cerita ttg Corona, td udh ada Ilham buat nulis, malah nulis ngalor ngidul ora jelas ğŸ™„, emg gk ada bakat nulis ğŸ¤£",1
"@ustadtengkuzul @na_dirs Mudik dan pulang kampung intinya penyebaran corona semakin merata dari dari daerah pemukiman ke daerah asal,  dan intinya perintahnya telat..  Dampaknya,bukan bersilat lidahnya..  Lain katanya Lockdown di rubah kata macam2 hingga PSBB intinya semuanya rezim ogah tanggung jawab.",0
"#CoronaUpdate Tercatat 75.157 spesimen virus Corona telah diperiksa di seluruh Indonesia. Didapatkan hasil positif sebanyak 9.096 dan hasil negatif sebanyak 50.313.

via @detikHealth https://t.co/PX7HGUV05w",1
Gila stress bgt gue corona gini ga bisa sniff parfum cuma bisa liat reviewer???? Iri!!! ğŸ˜¢ Mau beli decant tp males lebih suka beli yg lgsg full bottle. Siklusnya kayak sniff - suka - nabung,0
"@zarryhendrik Kalo gitu, coba ah nawarin dagangan. Aku punya toko bahan, tapi selama pandemi ini sepi. Akhirnya bahan di toko beberapa dijadiin masker biar tetep bisa gaji karyawan toko sama bagi rejeki ke kang jait sekitar toko. Siapa tau followernya ada yg minat

https://t.co/rKHHU2MyQk",2
"Ner bener quarter life crisis , beban hidup berat banget , gara - gara ini wabah mental gue bener diuji , hampir pasti gue kehilangan kerjaan gue , rencana yg udah gue atur seketika ancur , tapi gue cowok gaboleh nyerah !!!",2
Semua kegiatan yang biasa dilaksanakan umat Islam diimbau untuk dilakukan dari rumah demi mencegah penyebaran virus Corona (COVID-19). https://t.co/SHuvbaLJLh,2
Btw klo kita bosen dan jenuh sama Corona dia bakal ninggalin kita ga ya. hehe,1
Muslim ISIS menyebut bahwa bila ada Muslim yang terinfeksi Virus Corona itu adalah Muslim munafik. Muslim ISIS kebal Virus Corona. https://t.co/TDAJDX6gKz,1
Update data #COVID19indonesia berdasar jenis kelamin dan umur. Catatan tidak semua data ada jenis kelamin dan umur #dirumahaja #pakaimasker #jagajarak #cucitanganpakaisabun https://t.co/vYUdn5tCag,1
"@DanielCaramoy4 @zyzwady @Iqbalmuhy @pemsingobanga @ismailfahmi @LubisRizal Mas nya gak takut, apa mas nya gak mau jadi relawan covid19 ini? Mati masuk surga loh",0
Misss yaaaa ğŸ˜«ğŸ˜«ğŸ˜«ğŸ˜« cepet enyahlah pandemi ini ğŸ’”ğŸ’•ğŸ€ğŸ¦© @ Pink Mamma https://t.co/AI9xORDMUE,2
"Sebuah studi menelaah 2.600 pasien covid-19 di New York City, mendapati tingkat kematian sangat tinggi 88% disebabkan pasien yang ditempatkan pada perangkat ventilator.  https://t.co/iTMuWT76Og",1
"Pengumuman Wisuda Juni 2020 &amp; Pendaftarannya

Dikarenakan situasi pandemi COVID-19, wisuda Sarjana dan Pascasarjana Unika Atma Jaya tanggal 2 Juni 2020 akan diundur dan akan diumumkan lebih lanjut penyelengaraannya. https://t.co/prHFBnsx26",1
"@Faith19241 @K1ngPurw4 @Dennysiregar7 ngga yg salah jika pulkam dihubungkan dg hilang pekerjaan (sementara atau permanen) &amp; mudik  dg lebaran.klo bicara berdasarkan definisi KBBI pasti disalahkan, coba pikir dr sudut kontex wabah covid &amp; lebaran (mudah2 kedepannya tak ada lagi)
Nanti ada yg  tuduh saya bojar bujer",2
Pada akhirnya ini bakal terjadi setelah corona beres. https://t.co/sTsz9YnH1S,0
Presiden ADB memuji respon Pemerintah Indonesia hadapi pandemi. Dukungan internasional sangat berarti bagi penanganan #Covid_19 . https://t.co/tT9Jhsm6xF,2
Alhamdulillah yg sembuh dari corona makin banyakğŸ™,2
@Habibanaak @fvuMp1qZ3bpp0Uj @Dennysiregar7 @Lendy49701992 @ruangguru @AdamasBelva @aniesbaswedan Ribut aja lu pada. Mending lu ribut ama corona dah Sono,0
"Terdampak Pandemi Covid-19, BUMN Energi Berharap Insentif Pemerintah https://t.co/oDi3Aya3AP",1
"World War III telah dimulai...
Sekuel pertama diperankan oleh COVID-19...
Sereeemmm... https://t.co/QXqBpciUMc",1
Palang Merah Indonesia (PMI) mengatakan setiap pemakaman pasien Corona (COVID-19) sudah dilakukan dengan prosedur khusus. Berikut penjelasannya: #Pemakaman #JenazahCorona https://t.co/2CPNqmrg9h,1
Penanganan Corona Indonesia di Mata Warga Asing https://t.co/2zNuG2zW2h,1
"Alhamdulillah terawih pertama lancar mudah2an semuanya dilancarkan puasa dan ibadah walau kondisi negeri lagi pandemi. Maaf lahir batin semua, semoga cepat membaikğŸ™ŒğŸ»",2
"Seperti banyak pengusaha lainnya, usaha Cristiano Ronaldo juga lesu dihantam pandemi corona. Pakaian dalam, usaha utama CR7, merosot penjualannya. https://t.co/Pm44lv2xi1",1
"Perjuangkan hak hak orang tidak mampu karena dampak covid 19

PSBB harus dipatuhi tapi biaya makan tidak ada mau bagaimana ini 

Kita mau dirumahkan asal bantuan tepat sasaran https://t.co/IVzzlVs60T",2
"10.56 #BeritaSONORA - â€œTidak ada gunanya mudik sekarang. Mau dilarang atau tidak, karena semua daerah sudah memberikan aturan kalau datang dari kota besar,"" https://t.co/6JLECLeYRp",1
Apa bener tanggal 29 vaccine covid bakal ada?just wait n see,1
"Dianggap Tidak Becus Tangani Corona, PM Inggris Digoyang Oposisi https://t.co/NZAso9i59w",0
@BubblegumGvrl corona berakhir gas lah,2
"Dokter AS Temukan Pasien Corona Alami Silent Hypoxia, Kondisi Apa Itu? https://t.co/C49mncZqwL",1
"Benarkah Suhu Panas Bikin Covid-19 Cepat Koit,Â Faktanya? https://t.co/a2fjPSuaBY",1
"https://t.co/HVKhKIbQqv
Cover lagu Rumahkita pemuda matraman,
#dirumahaja 
#MagerWithDCODE 
#coversong",2
"Orang jaman now:
1)Masalah gw paling berat.
2)Jangan bandingin masalah gw dengan masalah orang lain.
3)Kalau lu bandingin, balik ke peraturan 1.

Masalah lu ga punya ipad, terus masalah orang mati krn kelaparan ga bs kerja krn covid. Masih ngeyel jg bilang masalah lu lebih berat?",2
"Pemprov Jatim mengadakan pasar murah kebutuhan pokok di JX International Convention-Exhibition, Surabaya. Lumbung Pangan Jawa Timur dari 21 April-21 Juli 2020 dengan sararan warga terdampak wabah virus korona.

#Nusantara #adadikompas #COVID19 
https://t.co/grivFGWwvW",1
Iran Bersiap Buka Kembali Masjid Di Wilayah Bebas Virus Corona https://t.co/hKvFxMYRhD,1
Blm ada laporan orang gila terinfeksi corona ya ..,0
"Empat kasus positifÂ CoronavirusÂ Disease atau Covid-19 di Jawa Timur di antaranya berasal dari Kabupaten Sumenep, Madura. Sumenep sempat disebut sebagai daerah yang bertahan di status zona hijau.

https://t.co/MF9sjJVh33",1
"JAKARTA, https://t.co/vuXwLcgDO7 - Sebuah penelitian baru di Perancis mengungkapkan bahwa nikotin bisa melindungi orang dari infeksi virus corona.  #Nikotin #PenelitiPrancis #Rokok https://t.co/4R1h2xvQL7 https://t.co/zoOOz72tTP",1
"Pandemic covid-19 mengharuskan saya utk tdk mudik saat lebaran, berat buat perantauan seperti saya. Kehangatan &amp; kebersamaan di moment yg menurut saya sgt sakral hrs saya ikhlaskan demi memutus mata rantai pandemic ini. Stay at home menjadi satuâ€nya pilihan. Sy ikhlas ğŸ˜Œ",2
"Perkenalkan Glassafe dan â€˜Sâ€™, Desain Kursi Pesawat Anti Corona Besutan Aviointeriors - https://t.co/6wkp0WyWBo #KabarPenumpang #Covid19 #Airlines #Glassafe #chair https://t.co/SvFsysi3dt",1
"Sampai hari ini belum juga ada bantuan sembako atau dalam bentuk uang dari rt-rw kami. Ini di Jakarta, bagaimana dengan di daerah-daerah lain. Semoga di daerah lain penanganannya lebih cepat. 
#COVID19 #Quarantine #VirusCorona #QuarantineQuotes",2
"@rya_nugrohoi @Dahnilanzar mungkin beliau lagi elus2 dada, ""untung bukan saya presiden pas lagi corona gini""",0
"Tahun ini terpaksa gak pulang dulu yaaaa..
Selain karena wabah coronavirus, 
Mungkin juga karena terbatasnya fuluuuss..
Jadi sekali ini, yuk lebaran di perantauan aja.
Gambar @KemenkesRI
#pulangkampung #music #PulangKampungBukanMudik #Mudik2020 https://t.co/Exc85E0AC4",2
"Demam berdarah juga sedang melanda kita dan menjadi ancaman bagi kita ditengah pandemi covid 19...
Tetap waspada DBD!!!
Mencegah sebelum mengobati...
.
.
.
#BMKSolution #dbd #fogging #abatejentiknyamuk #stayathome #lawancovid19 #lawandbd #kemenkes #dinkes
https://t.co/qH4dKF0eaQ",2
"Selamat menjalankan ibadah puasa ya. Mohon maaf apabila ada salah kata dan perbuatan. Alhamdulillah masih bisa ketemu ramadhan di thn ini, walaupun sikon ditengah wabah covid-19. Jaga kesehatan dan stay safe yo guys. âœ¨",2
"Misalkan,puasa terus mandi pas mandi gayungnya ke telen,batal ga yah?

#SeriusNanya #COVID19 #puasa #PuasaTahunIniBeda #puasa2020",1
komposisiku dalam romantic gitar...semoga menginspirasi ğŸ™.                                               #AprilBerkahRamadhan #dirumahaja https://t.co/cw7KgGhKig,2
"Mungkin nggak banyak millennials dan generasi z yg tahu astronom dan filsuf feminis keren ini... â¤ï¸ #kartiniedition #pencildrawing #pencilsketch #pencilonpaper 
#alexcartoon #workingfromhome #stayhome #dirumahaja @â€¦ https://t.co/5gXqrKToKB",1
"Dampak wabah corona, PON XX Papua resmi ditunda hingga Oktober 2021 https://t.co/cwEcOrj0ZX #PON",0
"Cile akan jadi negara pertama di dunia yang mengeluarkan paspor imunitas untuk traveler yang sembuh dari Corona. Pemilik paspor ini bisa bebas dari karantina. #Cile #Paspor

via @detikTravel https://t.co/UTgARbRrRW",1
"Pemprov Bali dianggap berhasi menahan penyebaran covid-19 melalui program, pola, dan skema tepat yang melibatkan desa adat seperti pembentukan Satgas Gotong Royong dan Relawan Desa.  https://t.co/vfzU6Bs4mU",1
@AfifFuadS Tanggung panggil aj yg positif Corona biar ikut berjamaah...manusia sok plg tahu agamatp Ng faham ajaran agama,0
Sebanyak 12 kabupaten/kota di Sumbar menyumbang 97 pasien positif Covid-19. https://t.co/AsSJy7EhmK,1
Peluang: Setiap krisis membawa peluang. COVID-19 tidak berbeda. Mari kita evaluasi apa yang mungkin menjadi peluang / area pertumbuhan baru yang akan muncul sekarang. @detikcom,1
"Usai menjalani karantina selama 14 hari di RS Unhas, eks Ketua Badan Liga Indonesia Andi Darussalam Tabusalla (ADS) dinyatakan sembuh dari Corona (COVID-19). https://t.co/vw39jHDGPd",1
"Masyarakat berperan penting menjaga pangan nasional di tengah wabah korona saat ini, dengan menghindari belanja panik dan tak menimbun bahan pangan. Saatnya kepedulian, kesetiakawanan, dan solidaritas dipulihkan. 

#Opini #adadikompas #COVID19 
https://t.co/PkHc5mmX8E",2
"Sangat benar sekaleee.. pak. Sekarangkan saat Covid 19 ini rakyat sedang butuh yg murah2.
Atau mungkin Pertamina mau saving sebanyaknya untuk celengan sampai harga dunia mulai normal?
Pertamina Banyak Hutang. https://t.co/R3317Nb9LT",0
"3 Dokter, 1 Perawat RSUP Dr Sardjito Positif Covid-19 https://t.co/vKAvJeRv0k https://t.co/Vs7ZXbkv5V",1
"@kompascom Gak kena Covid19 malah mati jantungan, dasar gak punya perikemanusiaan",0
"PBB siapkan paket stimulus untuk beberapa negara terdampak Covid-19
https://t.co/ZQzqI724wL",1
"Tangkap saja si Iqbal!
dia mau membuat banyak org yg terpapar corona?
Tindakan subversib (dulu).
Melawan dan banyak bicara, dorr kakinya! ğŸ˜Š https://t.co/8uzHRhkrKs",0
"BUMN pangan yang diminta pemerintah menjamin pasokan selama pandemi covid-19 diantaranta Perum Bulog, PT.RNI, PT. Sang Hyang, dan PT. Pertani.  https://t.co/hI967lGJUX",1
"Menghitung hari

Ramadhan
Ramadhan
Ramadhan
Ramadhan

Semoga kita bisa ibadah dengan khusu , hikmah corona kita bisa lebih banyak ibadah di Ramadhan tahun ini tanpa kerjağŸ˜‡ğŸ˜ğŸ™ğŸ»
Aamiinn insya Allah",2
Masker Corona hingga Botol Disinfektan COVID-19 Merusak Lingkungan https://t.co/ppgwAv6BxI,0
"Dubes RI Beberkan Cara Turki Tangani Corona, Partai Penguasa dan Oposisi Bersatu https://t.co/pSyEX6tNGr",1
"Selamat pagi semua. Hari ini kita memperingati hari buku dunia.Di tengah wabah Covid 19, buku adalah salah satu jendela untuk melihat dunia #haribukusedunia https://t.co/OJnKI7ICBF",2
"Mari bersama kita bangkitkan rasa saling dan junjung serata pupuk KEGOTONGROYONGAN kita dalam menghadapi pandemi ini ...semua serasa ringan mana kala kita bersama sama
#SolidaritasAtasiCovid19 https://t.co/TLRT3Th3AZ",2
Konglomerat Ini Justru Meraup Untung Rp1.952 Triliun dalam Sebulan saat Wabah Corona Mengganas  https://t.co/l9pzmIyN1e #VirusCorona #COVID19 #Konglomerat,1
67.828 Lebih Spesimen Diperiksa Terkait Covid-19    #TauCepatTanpaBatas #BeritaTerkini #Berita #News #BeritaNasional . https://t.co/w2bUzhpFa7,1
"2. Dengan demikian, terjadi penambahan kasus positif #COVID19 sebanyak 214 orang. 

Kasus sembuh bertambah 44 orang dan kasus meninggal bertambah 22 orang.

#BersatuLawanCovid19",1
"2. OTG ada 42 orang. ODP 5.884 orang, 172 di antaranya masih dipantau. PDP 5.248 orang, di antaranya 860 masih dirawat, dan 4.388 sudah pulang dan sehat.â£
â£â£#JakartaTanggapCorona #hadapibersama #PSBBJakarta #dirumahaja",1
"Kepala Satgas Covid-19, Dony Monardo, menyampaikan kabar baik bulan JULI kita bisa hidup normal kembali. Tentunya jika kita disiplin melaksanakan  Social Distancing @BNPB_Indonesia @egymasbugis https://t.co/s4hh5m5MPU",2
@HitamPutihT7 @TRANS7 Coba tlg di liput penderita covid-19 yg sembuh dari kalangan masyarakat bawah dan menengah. Selama in yg diliput sepertinya org2 atas dan punya kemampuan finansial jd kelihatannya bagus pelayanannya. Didaerah belum tentu.,0
@imRose___ @little_agassi Menurut yg aku liat itu asli ya. Dan boleh sih anak jabodetabek kalo dah corona kita ekspedisi kesana bareng2 nanti aku kasih tunjuk dan rasainğŸ˜­,2
"Daripada Kita bertakut takut ria karena Corona, Lebih baik berjoget joget ria. 
#HariBumi #Ramadhan #haribumi2020 #StopMudikCekalCorona https://t.co/JETjJBiA2T",2
"Omset Anjlok, Warung Kopi Marc Klok Nekat Buka saat Covid-19 https://t.co/lxIPrD9BLJ",0
ini pandemi gara gara BMTH,0
"Menjalankan bisnis di tengah situasi pandemi Covid-19 adalah tantangan tersendiri. Ini lima tips jalankan usaha di tengah pandemi Covid-19.

https://t.co/9couZtSIdJ",1
"Jajaran personel di Kepolisian Resor Cilacap dan Resor Kota Banyumas dilatih memakamkan jenazah dengan prosedur pemakaman pasien Covid-19 sebagai antisipasi lonjakan kasus. 

#Nusantara #adadikompas
https://t.co/hRaoj2wtJM",1
"Yang dilakukan ketika quarantine

#Dirumahaja #editfoto #photoshop https://t.co/Tf1MphH8Qp",2
"Semoga saja, bapak atau mas itu (masih muda kelihatannya) dapat memenuhi kebutuhan hidupnya, serta dari pihak pemda hingga ke tingkat pusat dapat menjawab pertanyaan para warga nya yg kehilangan mata pencaharian di tengah kasus pandemi ini, doa kita sama, bumi ini lekas pulihğŸ˜Š",2
"Pasien Corona Terus Membanjiri RS, Imam Prasodjo: Tingkatkan Kesadaran, Covid-19 Bukan Hal Main-main https://t.co/5BRuM45bIH",1
"YG KITA BUTUHKAN GENEE, BUKAN PENEBAR HOAX ! Unair &amp; ITS Ciptakan Robot ""Raissa"" pengganti perawat PASIEN Covid19
@PBIDI
@fkmui
@hudattamini @sarmawan @SalahKunci @NGOBUSH3 @FarelmaxL @hputrantoadi",2
"@Asknonym ntar aja nder selese pandemi, smg aja ni cepet udahan.",2
"Pendataan jumlah korban jiwa terdampak Covid-19 masih terbatas kepada korban terkonfirmasi positif. Padahal, detail kematian akibat Covid-19 perlu disiapkan, bahkan jika masih berstatus pasien dalam pengawasan. 

#Nusantara #adadikompas #COVID19 
https://t.co/I2ZlyKXjdH",1
"PresidenÂ Joko WidodoÂ memutuskan untukÂ melarang mudiklebaran 2020 di tengah pandemi virus corona (covid-19). Pelarangan mudik ini untuk memutus mata rantai penyebaran virus corona.
.
""Hari ini saya ingin sampaikanâ€¦ https://t.co/wBVgWm59w3",1
Mantap sekali dong ğŸ‘ https://t.co/EdpBA5xcRY,2
Sepak bola terhenti oleh wabah corona.  https://t.co/Uu559ceINj,0
Sang diva berharap masyarakat tetap bisa bersemangat. https://t.co/37UvHcDmmP,2
"@jumintenkoplak @tianfillio @JejakaBaduy Kabupaten tangerang ,lagi butuh sembako untuk bertahan hidup . 
semoga badai virus Corona segera berakhir dan kita kembali menata ulang rencana untuk masa depan .",2
@rahmatmanguleta @collegemenfess Susah jg skrg lg corona,0
"Kemaren gue coba jalan jalan naek motor, sengaja emang cuman mau liat liat aja, katanya sih psbb tapi kenapa jalan raya masih rame, masih ada yang ngumpul2, naek motor masih boncengan dll, gimana wabah ini mau berakhir sedangkan ke egoisan dari diri kalian masih membara.",0
"[ UPDATE - MOQA ""Mahasiswa On Quarantine"" ]

Halo sobat CreActive! ğŸ¤—
Gimana nih kabar kalian? Gak nyangka ya, kita udah sebulan lebih #dirumahaja ğŸ‘©ğŸ»â€ğŸ’»ğŸ¡ dengan menjalani aktivitas yang positif dan juga produktif. https://t.co/BrNlVuaG7t",1
"Berkebun demi memperpanjang kehidupan kala pandemi korona.

#Internasional #adadikompas #COVID19 
https://t.co/nA1Cf9ECDz",2
@suikodeen Dah minum obat herbal anti corona beib,0
Saat Jokowi Tak Ingin Dianggap Tertutup soal Data Corona https://t.co/rMVYglhyNV https://t.co/C8g6dALRsT,1
"Kopi khas Indonesia tersebar dari Sabang sampai Merauke dan sudah dikenal sebagai salah satu kopi terbaik dunia.

Awali kerja dan aktifitas kamu #dirumahaja dengan menikmati kopi Indonesia yang tergabung dalam platform #SatuDalamKopi.

#ThoughtfulIndonesia
#BersamaJagaIndonesia https://t.co/aa3uHPzwfk",1
bt bgt gua sama corona!!!!!!,0
Corona berhasil bikin w naik busway untuk brgkt ke kantor biasanya gojek 4lyfe,0
"Kangen konser juga ngga gitu2 amat sih mungkin karena baterai udah pol di MMXX. Ya kalo ngga ada corona juga saat ini sih lagi ngga ada jadwal yg mau dihadirin, cuma One OK Rock masi lama itu juga akhir Mei.",0
Tips untuk Mencari Takjil yang Aman saat Pandemi Corona Covid-19 https://t.co/X2n43OOI2m,2
"Saat museum-museum seni di seluruh dunia ditutup karena COVID-19, lukisan Vincent van Gogh hilang dicuri. Ternyata pencurinya menggunakan palu godam, kok bisa? https://t.co/78LhhZgzn3",1
Inilah Sekolah-sekolah di Jakarta yang Akan Dijadikan Lokasi Akomodasi Tenaga Medis Covid-19 - https://t.co/Z7yarHKxfC,1
GA ADA MATI CORONA MATI KELAPERAN BILANG PAK RT NYAA https://t.co/vMxmZqFmc2,0
"@Jayeng__rono__ @tubagussalim @HmfaqihA @SoffiAgus @cagubnyinyir2 @semiaji_w @kenhans03 @2020_STMJ @Ze_sukma @ABANGPATIH19 @JafYaya2150 @Putu_ragiel68 @sabar_setiabudi @BHD_8 @MondyJacob Ini gw ga setuju...
Selain minimnya bantuan juga tdk ada jaminan mrk akan baik2 saja bila tak mudik. Utama bagi yg kini tanpa pekerjaan sebaiknya mrk di pulangkan dg prosedur  kesehatan yg ketat &amp; diam dirmh hingga masa ini usai. Sbb tak ada yg tau pasti kapan wabah ini berakhir.",2
"Berita Baik, Pasien Covid-19 Terlama di Bali Akhirnya Sembuh",2
@detikcom corona tertawa melihat ini,0
"Jujur, gw ga takut corona lagi ngelihat antusiasme rakyat di pasar takjil di mana mana. Gw kena syndrome corona is hoax!",0
"1 HARI MENUJU RAMADHAN

Hai Sobat BSI, 1 hari lagi seluruh umat Muslim akan menyambut Bulan suci ramadhan yang penuh kebaikan, keberkahan dan berlimpah ampunan

Ditengah Pandemi ini, tetap semangat untuk menyambutâ€¦ https://t.co/cK3IBIozuQ",2
"@winda_Mrg @ferymanurung_ @angellinamng mungkin juga ini sisi baik dari corona buat para jombloan/wati 
malam minggu merasakan hal yg sama ğŸ˜‚ğŸ˜‚ğŸ˜‚ğŸ˜‚",2
"@kantong__semar @Homo_sapiens21 ğŸ˜‚ğŸ˜‚ğŸ˜‚

wabah  gempa muntahan lahar.. tsunami...waduh berat ya  ğŸ˜”ğŸ˜”ğŸ˜”",0
"Pasien positive covid 19 bertambah, manusia yang otaknya negative makin menjadi dan juga bertambah.. .",0
"Ekonom : RUU Cipta KErja dibutuhkan untuk pemulihan pasca covid-19 

https://t.co/9j75U89Xoo",1
"Pandemi Covid-19, Legislator Serap Aspirasi Lewat Kelas Virtual  https://t.co/JEuY1QSqk2",1
"@naongobloq Berjemur biar ngak Corona abis itu mandi,tidur lagi dah",1
Partai Demokrat Tolak Bahas RUU Ditengah Pandemi Covid-19 https://t.co/3tQUSYuM7V https://t.co/83zK58vPwC,1
"Ada yang lebih berbahaya dan menyakitkan dibanding COVID-19. Yaitu; COVID-D1AU. Yang artinya; (CO) (VI)lih (D)ia (D1)banding (A)k(U).

Aw, malu bgtz.",1
Hiburan di tengah CoronağŸ˜ https://t.co/b26lRcQHeV,2
"Programming: Menggunakan Python untuk memetakan penyebaran COVID-19
https://t.co/GNXrGhVyG0",2
"@BukitCimanggu_ Halo mas, masnya marketing bukit cimanggu city ya? Gimana mas penjualan saat masa masa Covid-19 gini?",0
"@KawalCOVID19 @BNPB_Indonesia Test kembali ke angka 2ribuan, tp kalo dr skala dibandingin awal2 April positive rate bisa sekitar 30%.

Monggo yg mau cek grafik COVID-19 hari ini 
ğŸ‘‡ğŸ‘‡ğŸ‘‡
https://t.co/uy0OGupFxC",1
"@03__nakula @Aryprasetyo85 @lukmanprananto @erickthohir @arjuno_ireng01 @Paltiwest @shinichikudo991 @woelannnn @P3nj3l4j4h_id @amrudinnejad_ @AnakLolina @angelmaximilan @triwul82 Wah...semua orang punya keluarga dan tercekam covid 19, bila himbauan pemerintah dilakukan semuanya akan aman.
Bpk Mentri@erickthohir, pecat saja org spt @lukmanprananto, parasit itu. 
Dari tingkah polanya di twit sdh hrs konsul ke dokter SpKJ.",2
"@sepandoo grgr corona ketemunya diundur, sayangnya gbs diundur",0
"Anggota Fraksi PDI Perjuangan DPRD Sumut, Rudy Hermanto: Pedagang diminta tak naikkan harga sembako, karena situasi saat ini benar-benar sulit, terdampak Covid-19.

https://t.co/C3X0udW1Ih

#PDIPerjuangan
#GotongRoyongLawanCorona",1
Menristek Sediakan Wisma Puspiptek untuk Tempat Tinggal Tenaga Medis yang Tangani Corona https://t.co/ASoFxO2psC,1
"Mari jaga tubuh kita agar tetap sehat di tengah pandemi COVID 19 ini.â£
â£
Prestasi Wilda Siti Nurfadhilah Sugandi :â£
Juara 2 / 3 SEAGAMES (2017 / 2019)â£
Juara 1 PON JABAR ( 2012 / 2016 )â£
Juara 1 PROLIGA ( 2015, 2016, 2017, 2019)â£
â£
#Kemenpora â£ 
#OlahragaDiRumahAja",2
Angka Kasus Covid-19 Melonjak di Djibouti https://t.co/S9McquRhkd,1
Lagi pandemi gini. Malah kepikiran mau iphone ya:v.,1
@ijaldotcodotid Wkwkwk corona mengurangi dosa u jal gapapa,0
"Adik lakiÂ² ku puasa, pas buka makanya banyak banget, akhirnya kekenyangan. Sholat maghrib lalu tiduran, pas azan isya bilang ""mah ian teraweh di rumah aja 8 rakaat yaa""
Kusitalah hp nya WKWK
.
Btw di desaku masih bisa sholat berjama'ah, karena sejauh ini aman dari virus covid-19",2
"Yuk kita ngapain kapan-kapan..
#motocamp #dirumahaja https://t.co/Iy3BW5yN0k",2
Apakah cuma corona yg menjadi penyebab kematian sedemikian itu? https://t.co/Obz4fZV2Wk,1
"Masa quarantine diperpanjang,makin berotot juga jempol gua hufft:((",0
"@_outtaxspace_ -
Olahraga ringan. Abel jangan lupa juga untuk olahraga ya. Jangan sampai karena self quarantine ini tubuh kita malah tidak sehat karena tidak rajin olahraga.",2
"@gameevan disuruh journalling dan embrace emosinya aja dulu, emg blm ada hal yang bisa dilakuin karena pandemi ini, mengingat yg bikin gue berenergi adalah hal2 yang adanya diluar. Tp meditasi sedikit membantu gue sih",2
"Apa harapanmu pada Ramadan kali ini?
Kalau aku merasa Ramadan kali ini diingatkan akan esensi dari ibadah personal, bagaimana dengan Kalian?
https://t.co/jIvPWZLTQz

#Samber2020Hari1 #SamberTHR #Ramadan #Ramadan2020  @kompasiana https://t.co/syiD0DWnYJ",2
Lemonilo dan 100 UKM seluruh Indonesia memberikan bantuan pada driver taksi yang terdampak pandemi Covid-19 https://t.co/qhgDsmfjMx,2
"Wabah Covid-19 jelas berdampak ke seluruh sektor ekonomi. Bagi para pekerja akan berbeda2 dampaknya, terutama dlm hal risiko pekerjaan yg dihadapi setiap hari. Kemungkinan risiko pekerja inilah yang menjadi perhatian awal dari eksplorasi data ini.",1
"Di Banjarbaru, jumlah pasien positif Covid-19 sudah mencapai 25 orang. https://t.co/3WRhDsP4qe",1
"Bagikan Masker, Cara Pemdes Jayanti Lawan Covid-19 https://t.co/0cNKmL47Z2",1
"corona kamu apa ga mau pulang kampung? kerjaan kok keliling dunia trs. sana pulang, ga baik nanti jadi anak durhaka:)",2
Menteri yang kena corona kemarin sudah sembuh ?,1
"Berperang lawan Corona. Mengajari kita untuk selalu siap dlm keadaan bagaimanapun &gt;&gt; Ramadhan Kita Istimewa &lt;&lt; 
#RamadhanDiJakarta

#s4zx https://t.co/4sC96ToPUX",2
"Jangan ketinggalan...
Ngaji yuk...
Mumpung #dirumahaja dan #ramadan mari kita perbanyak ilmu bersama para kyai dari berbagai penjuru Nusantara.
.
Hanya di NU Channel @ NU Channel https://t.co/2ZMMhMKMbv",2
"Kabupaten Kepulauan Mentawai, Sumatera Barat, mengambil langkah â€radikalâ€ untuk mencegah penyebaran Covid-19. 

#Nusantara #adadikompas #COVID19 
https://t.co/pbq0l44IxP",2
"Menteri Perdagangan Agus Suparmanto membeberkan kondisi stok pangan menjelang Ramadhan di tengah masa pandemi Corona. Benarkah sudah aman? #StokPangan 

via @detikfinance https://t.co/1e28SEOsfM",1
berpikir berpikir berpikir bagaimana mencari nafkah di tengah pandemi,1
"awasi  Uang NEGARA ...
Colombia terjadi bencana kelaparan
karena dana untuk penanggulangan COVID-19
 di   K O R U P S I

https://t.co/9cKunLQRnY",2
@Dennysiregar7 @irzan_wiratama Memang benar pulang kampung dengan mudik berbeda dan seperti yg u blg cuma salah na di tengah wabah korona emg u tau klo virus korona keliatan lah virus na aja sendiri ga tau klo itu orang mau mudik apa pulang kampung le,2
Donasi Pemirsa Lewat EMTEK Peduli Corona Terus Disalurkan https://t.co/xYh2CkbkY3,2
"#travalogy 3 Bulan Dihantam Corona, Pariwisata RI Rugi Rp 140 Triliun https://t.co/Wy08D16B5G",1
"Perangi Penyebaran Corona, Ketua Gerindra Sulsel Sumbang APD ke Gugus Tugas KabupatenÂ Maros https://t.co/0A1o5YHJ5r https://t.co/070zz6frkI",1
Corona dan Alih Fungsi Lahan Ancaman Bahan Pangan https://t.co/2ZnnACt4tl,1
"Kabar tentang imbauan puasa selama 7 hari pada Ramadan tahun ini karena virus corona COVID-19 beredar di media sosial. Kabar ini disebarkan oleh akun Facebook Banjar s h i t p o s t i n g pada 20 April 2020 lalu.

#CekFaktaHariIni #CekFaktaHariIniLip6",1
@SASUUUT @jtuvanyx @rizkiamaliad @rezamdnsyh TWEETUS DELETUS JAJSJSJSJ kangen banget edan kangen duitnya juga sigh balik lagi lah 2018 biar belom corona,0
"Namun, seiring dengan munculnya pandemi Covid-19, permintaan daging sapi dari tingkat pemotongan di rumah potong hewan (RPH) mengalami penurunan berkisar 20-30 persen.",0
"@bukalapak Kelar Corona Aku pengen jalan jalan bareng teman teman sayang banget barang yang kubeli dari @bukalapak ini belum kepake karena gak bisa keluar jauh dari rumah :( #BukaKuis
@vera_MB4R 
@veritwins https://t.co/x8lRw0rs8r",0
@JuruPidato_ Hadirnya pandemi tak menyurutkan langkah kita untuk melaksanakan ibadah shaum ramadhan nan mulia &gt;&gt; #SambutRamadhanKita &lt;&lt; #RamadhanIndonesiaIstimewa &gt;&gt; https://t.co/hXpO7sbfCU,2
"KoinWorks menghormati solidaritas sosial yang terjadi saat pandemi Covid-19 ini. Maka dari itu, MiKo juga mau mengajak kamu untuk ikutan juga menghormati solidaritas sosial.

Yuk, share gerakan ini ke temanmu agarâ€¦ https://t.co/9DCiitIC2D",2
"Memasuki zona

-rebahan bosen
-main hp bosen
-ngapain bosen

Pokoknya habis corona,mau ngumpul dan nggak megang HP !",0
"Alhamdulillah masih tetep bisa kerja kyak biasa dari awal pandemi sampe skrg tanpa mengesampingkan upaya pencegahan karena memang berada di ibu kota yg jadi pusat penyebaran terbesar.

Di sisi lain, banyak orang2 yg kehilangan pekerjaanya karena imbas dr wabah ini.

Bersyukur~",2
"Cegah penyebaran corona, semua pasar di kota Semarang akan disemprot disinfektan https://t.co/VUM6rgT6Pb #DampakVirusCorona",1
Gugus Tugas COVID-19 Bantaeng angkat bicara soal insiden anggota DPRD Sulsel A Edy Manaf yang mengamuk di Posko COVID-19. https://t.co/WjmRTbjb6D,1
"Rebahan - Eat - Ambil paket - Tiktokan - Sleep - Repeat ğŸ¤­ 

.
.
#blacknwhite #photography #iphone11pro #mondaymood #picotheday #photooftheday #burberry #love #life #instaphotography @ Quarantine https://t.co/doOehTDQn6",0
"Gara-Gara COVID-19, Verrell Bramasta Batal Lepas Rindu ke Jajanan Khas Ramadhan #TauCepatTanpaBatas #Celebrity #KabarArtis #Gosip . https://t.co/8ZKSGZBqx7",1
Pemerintah terus mengimbau masyarakat berperan dalam pemutusan rantai penyebaran virus Corona (COVID-19). Semua orang yang datang dari epicenter virus Corona diminta sadar diri untuk melakukan isolasi mandiri. #VirusCorona https://t.co/0Z3TRfZbQa,1
"Info order vcsğŸ’¦ğŸ’¦Hujan gini pasti lebih nikmat Open sampai subuh bebğŸ˜˜
Info RR DM/Wa:082387776284ğŸ“±

#dirumahaja
#openvcs
#availvcs
#vcsbugil
#vcsavail
#vcsreal
#vcscroot 
#vcssangek 
#vcstrusted #REALVCS
#vcsline 
#vcskuy #RealAngel
#RealAngel #vcs #Vcsrealpict https://t.co/X8lcJ0yhl6",1
Presiden Jokowi mengucapkan selamat menunaikan ibadah puasa. https://t.co/8ydHOXvAnM,1
@AvatarPemburu @tjhinfar21 Sepi job ketika corona ya begini jadinya..,0
Pemprov DKI Diminta Perbaiki Pendistribusian Bansos COVID-19 #merahputih #pemprovdki #covid19 https://t.co/fYr7HtHq9W,1
Melihat Negara Lain Menangani COVID-19 ditulis oleh M. Hamdan Basyar https://t.co/71E19ML65N,1
"#Terpopuler ""Jangan salah, kita masih harus menempuh jalan panjang. Virus ini akan bersama kita untuk waktu yang lama,"" kata Tedros. #WHO #VirusCorona https://t.co/40x68x0hgG",1
"@Pontifex Ketika kita melihat ke depan untuk pemulihan yang lambat dan sulit dari pandemi, risikonya adalah bahwa virus yang lebih buruk mungkin menyerang kita: dari ketidakpedulian yang egois yang melupakan mereka yang tertinggal.",1
"Bacaan dari Blog:  Bagaimana Direktur Jenderal WHO mengkomunikasikan krisis, seperti Pandemi Covid-19?
 https://t.co/eY1iqlchbH",1
"Pasien positif corona atau Covid-19 di Provinsi Sulawesi Selatan (Sulsel) bertambah 12 orang. Berdasarkan data hingga Sabtu (25/4/2020) pukul 12.00 WIB, jumlah pasien positif corona di Sulsel menjadi 432 orang. https://t.co/7Vp3NyqekG",1
@xxxhalfmoon_ Gamau corona!,0
@melatikusdew corona doang ~~~~,0
"Di tengah pandemi ini, haru ada lagi berita menyedihkan, JoyFriends. 

Pasalnya layanan streaming HOOQ akan tutup layanannya mulai 30 April 2020 nanti. Untuk kamu yang belum selesai namatin serialnya, yuk tamatin sebelum ditutup! https://t.co/iAVd7lrD3I",1
"@assfess Lagi ada wabah, jadi gak ketemu",0
Semoga keluarga ku dan keluarga mu panjang umur dan diberikan kesehatan di tengah pandemi Corona ini. Aminnn,2
"Khotmil Qur'an 
Kegiatan ramadhan selama COVID-19
Ada ayat favorit aku, QS. Al A'raf ayat 189 di juz 9
Harapannya sih diamalkan saat mulai mengandung, tapi belum hamil juga hehe. Gapapa baca ayatnya dulu aja hamil kemudian, aamiin https://t.co/EcjDyzxIzY",2
"Penambahan kasus baru hari ini turun lumayan banyak. 185 kasus positif baru, 8 kematian dan 61 sembuh. Semoga trendnya terus melandai, menurun, sampai ke titik 0 kasus baru dan 0 kematian.

https://t.co/9JQlwAdjAq",1
"Gw udah mulai kangen laut, kangen udara gunung, kangen road trip, kangen keluyuran malem, kangen party. Ke depannya kayanya ngga akan semudah itu buat ngelakuin rutinitas sebelum ada corona virus. Corona virus has changed us forever.",0
Jumlah Swab Test Covid-19 di Indonesia sampai 27 April 2020 https://t.co/0K6DtqpWaV https://t.co/j2bmnHgQo5,1
"Operasional industri minyak sawit tetap berjalan normal sehingga industri minyak sawit dapat melakukan ekspor dan memenuhi kebutuhan dalam negeri meski dalam situasi pandemi Covid-19.Â 
Selengkapnya 
https://t.co/lKpXdsV5Ik",1
